query,actual col,T0.6 selected col,T0.6 # correct,T0.6 recll,T0.6 precision,T0.6 F1,T0.4 selected col,T0.4 # correct,T0.4 recll,T0.4 precision,T0.4 F1,T0.2 selected col,T0.2 # correct,T0.2 recll,T0.2 precision,T0.2 F1
Find the number of members living in each address.,['address'],[],0,0.0,division error,,['address'],1,1.0,1.0,1.0,"['num_of_staff', 'member_id', 'name', 'membership_card', 'age', 'level_of_membership', 'address', 'num_of_staff_in_charge', 'total_amount']",1,1.0,0.11,0.2
Count the number of cinemas.,[],"['capacity', 'cinema_id']",0,division error,0.0,,"['cinema_id', 'name', 'openning_year', 'capacity', 'location', 'cinema_id', 'film_id', 'show_times_per_day']",0,division error,0.0,,"['cinema_id', 'name', 'openning_year', 'capacity', 'location', 'cinema_id', 'film_id', 'show_times_per_day', 'price']",0,division error,0.0,
How many rooms does each block floor have?,"['blockcode', 'blockfloor']",['room'],0,0.0,0.0,ZeroDivisionError,['room'],0,0.0,0.0,ZeroDivisionError,['room'],0,0.0,0.0,ZeroDivisionError
What procedures cost less than 5000 and have John Wen as a trained physician?,"['name', 'cost', 'employeeid', 'treatment', 'code']",['cost'],1,0.2,1.0,0.34,['cost'],1,0.2,1.0,0.34,['cost'],1,0.2,1.0,0.34
What is the location with the most cinemas opened in year 2010 or later?,"['openning_year', 'location']","['openning_year', 'location', 'location']",3,1.0,1.0,1.0,"['cinema_id', 'name', 'openning_year', 'capacity', 'location', 'location', 'cinema_id', 'show_times_per_day']",3,1.0,0.33,0.5,"['cinema_id', 'name', 'openning_year', 'capacity', 'location', 'location', 'cinema_id', 'film_id', 'date', 'show_times_per_day', 'price']",3,1.0,0.22,0.36
List the name of musicals that do not have actors.,"['name', 'musical_id']",['name'],1,0.5,1.0,0.66,"['name', 'year', 'nominee', 'name']",2,0.5,0.33,0.4,"['musical_id', 'name', 'year', 'award', 'nominee', 'result', 'name']",3,1.0,0.33,0.5
What is the official name and status of the city with the most residents?,"['population', 'status', 'official_name']","['official_name', 'status', 'population', 'status']",4,1.0,1.0,1.0,"['city_id', 'official_name', 'status', 'area_km_2', 'population', 'status']",4,1.0,0.6,0.74,"['city_id', 'official_name', 'status', 'area_km_2', 'population', 'census_ranking', 'status']",4,1.0,0.5,0.66
What is total number of show times per dat for each cinema?,"['name', 'show_times_per_day', 'cinema_id']",[],0,0.0,division error,,"['cinema_id', 'name', 'openning_year', 'capacity', 'location', 'cinema_id', 'film_id', 'show_times_per_day']",4,1.0,0.43,0.6,"['cinema_id', 'name', 'openning_year', 'capacity', 'location', 'cinema_id', 'film_id', 'show_times_per_day', 'price']",4,1.0,0.38,0.56
Return the characters and durations for each actor.,"['duration', 'character']","['character', 'duration']",2,1.0,1.0,1.0,"['actor_id', 'name', 'musical_id', 'character', 'duration', 'age', 'character', 'duration']",4,1.0,0.33,0.5,"['actor_id', 'name', 'musical_id', 'character', 'duration', 'age', 'character', 'duration']",4,1.0,0.33,0.5
Please show the different statuses of cities and the average population of cities with each status.,"['population', 'status']","['status', 'population', 'status', 'population']",4,1.0,1.0,1.0,"['official_name', 'status', 'area_km_2', 'population', 'status', 'population']",4,1.0,0.5,0.66,"['city_id', 'official_name', 'status', 'area_km_2', 'population', 'census_ranking', 'status', 'population']",4,1.0,0.33,0.5
What are the title and director of the films without any schedule?,"['title', 'directed_by', 'film_id']","['title', 'directed_by', 'title']",3,0.67,1.0,0.8,"['rank_in_series', 'number_in_season', 'title', 'directed_by', 'original_air_date', 'production_code', 'title']",3,0.67,0.33,0.44,"['film_id', 'rank_in_series', 'number_in_season', 'title', 'directed_by', 'original_air_date', 'production_code', 'title']",4,1.0,0.43,0.6
Sort the list of names and costs of all procedures in the descending order of cost.,"['name', 'cost']","['name', 'name', 'cost', 'name', 'name', 'name']",6,1.0,1.0,1.0,"['name', 'name', 'cost', 'name', 'name', 'name']",6,1.0,1.0,1.0,"['name', 'name', 'cost', 'name', 'name', 'name']",6,1.0,1.0,1.0
Which month has the most happy hours?,['month'],"['month', 'month']",2,1.0,1.0,1.0,"['hh_id', 'shop_id', 'month', 'num_of_staff_in_charge', 'month', 'hh_id', 'member_id', 'total_amount']",2,1.0,0.17,0.3,"['open_year', 'time_of_purchase', 'hh_id', 'shop_id', 'month', 'num_of_staff_in_charge', 'month', 'hh_id', 'member_id', 'total_amount']",2,1.0,0.12,0.22
Which physicians are affiliated with either Surgery or Psychiatry department? Give me their names.,"['departmentid', 'name', 'employeeid']","['physician', 'physician', 'physician', 'physician', 'physician']",0,0.0,0.0,ZeroDivisionError,"['physician', 'physician', 'physician', 'physician', 'physician']",0,0.0,0.0,ZeroDivisionError,"['physician', 'physician', 'physician', 'physician', 'physician']",0,0.0,0.0,ZeroDivisionError
Give me the names of members whose address is in Harford or Waterbury.,"['name', 'address']","['address', 'name', 'address']",3,1.0,1.0,1.0,"['name', 'address', 'name', 'address', 'address']",5,1.0,1.0,1.0,"['name', 'membership_card', 'age', 'level_of_membership', 'address', 'name', 'address', 'num_of_staff_in_charge', 'member_id', 'address']",5,1.0,0.29,0.44
Find the names of all procedures which cost more than 1000 but which physician John Wen was not trained in?,"['name', 'cost', 'employeeid', 'treatment', 'code']","['name', 'physician', 'name', 'cost', 'physician', 'name', 'name', 'physician', 'name', 'physician', 'physician']",6,0.4,0.67,0.5,"['name', 'physician', 'name', 'cost', 'physician', 'name', 'name', 'physician', 'name', 'physician', 'physician']",6,0.4,0.67,0.5,"['name', 'physician', 'name', 'cost', 'physician', 'name', 'name', 'physician', 'name', 'physician', 'physician']",6,0.4,0.67,0.5
What are the distinct nominees of the musicals with the award that is not 'Tony Award'?,"['award', 'nominee']","['award', 'nominee', 'result', 'nominee', 'award']",4,1.0,0.67,0.8,"['musical_id', 'name', 'year', 'award', 'category', 'nominee', 'result', 'nominee', 'award']",4,1.0,0.29,0.44,"['musical_id', 'name', 'year', 'award', 'category', 'nominee', 'result', 'nominee', 'award']",4,1.0,0.29,0.44
What are names of patients who made an appointment?,"['ssn', 'name']","['name', 'name', 'name', 'name', 'patient', 'name', 'patient', 'patient', 'patient']",5,0.5,0.5,0.5,"['name', 'name', 'name', 'name', 'patient', 'name', 'patient', 'patient', 'patient']",5,0.5,0.5,0.5,"['name', 'name', 'name', 'name', 'patient', 'name', 'patient', 'patient', 'patient']",5,0.5,0.5,0.5
Count the number of patients who stayed in room 112.,"['room', 'patient']","['patient', 'patient', 'patient', 'room', 'patient']",5,1.0,1.0,1.0,"['patient', 'patient', 'patient', 'room', 'patient']",5,1.0,1.0,1.0,"['patient', 'patient', 'patient', 'room', 'patient']",5,1.0,1.0,1.0
What are the names of musicals who have at 3 or more actors?,"['name', 'musical_id']",['name'],1,0.5,1.0,0.66,"['name', 'year', 'nominee', 'result', 'name']",2,0.5,0.25,0.34,"['musical_id', 'name', 'year', 'award', 'nominee', 'result', 'name']",3,1.0,0.33,0.5
"Return the themes of farm competitions, sorted by year ascending.","['year', 'theme']","['year', 'theme', 'year']",3,1.0,1.0,1.0,"['year', 'year', 'competition_id', 'year', 'theme', 'theme', 'year', 'competition_id', 'farm_id', 'rank']",6,1.0,0.4,0.58,"['farm_id', 'year', 'total_horses', 'working_horses', 'total_cattle', 'oxen', 'bulls', 'cows', 'pigs', 'sheep_and_goats', 'year', 'competition_id', 'year', 'theme', 'hosts', 'theme', 'year', 'competition_id', 'farm_id', 'rank']",6,1.0,0.14,0.24
Please show the nominee who has been nominated the greatest number of times.,['nominee'],['nominee'],1,1.0,1.0,1.0,"['category', 'nominee', 'nominee']",2,1.0,0.5,0.66,"['award', 'category', 'nominee', 'result', 'nominee']",2,1.0,0.25,0.4
"What are the names of actors, ordered alphabetically?",['name'],"['name', 'name']",2,1.0,1.0,1.0,"['actor_id', 'name', 'musical_id', 'character', 'duration', 'age', 'name', 'name']",3,1.0,0.17,0.3,"['actor_id', 'name', 'musical_id', 'character', 'duration', 'age', 'name', 'name']",3,1.0,0.17,0.3
Find the ids of the nurses who are on call in block floor 1 and block code 1.,"['blockcode', 'nurse', 'blockfloor']","['code', 'code', 'nurse']",1,0.33,0.5,0.4,"['code', 'code', 'nurse']",1,0.33,0.5,0.4,"['code', 'code', 'nurse']",1,0.33,0.5,0.4
List the name of actors in ascending alphabetical order.,['name'],"['name', 'name']",2,1.0,1.0,1.0,"['actor_id', 'name', 'musical_id', 'character', 'duration', 'age', 'name', 'name']",3,1.0,0.17,0.3,"['actor_id', 'name', 'musical_id', 'character', 'duration', 'age', 'name', 'name']",3,1.0,0.17,0.3
Which department has the largest number of employees?,"['departmentid', 'name']",[],0,0.0,division error,,"['dname', 'dnumber', 'mgr_ssn']",0,0.0,0.0,ZeroDivisionError,"['dname', 'dnumber', 'mgr_ssn', 'mgr_start_date']",0,0.0,0.0,ZeroDivisionError
How many different types of rooms are there?,['roomtype'],['room'],0,0.0,0.0,ZeroDivisionError,['room'],0,0.0,0.0,ZeroDivisionError,['room'],0,0.0,0.0,ZeroDivisionError
What are the names of actors and the musicals that they are in?,"['name', 'musical_id']",['name'],1,0.5,1.0,0.66,"['name', 'year', 'nominee', 'result', 'name']",2,0.5,0.25,0.34,"['musical_id', 'name', 'year', 'award', 'nominee', 'result', 'name']",3,1.0,0.33,0.5
Show all the cinema names and opening years in descending order of opening year.,"['name', 'openning_year']","['openning_year', 'name']",2,1.0,1.0,1.0,"['cinema_id', 'name', 'openning_year', 'location', 'name', 'cinema_id']",3,1.0,0.5,0.66,"['cinema_id', 'name', 'openning_year', 'capacity', 'location', 'name', 'cinema_id', 'film_id', 'date', 'show_times_per_day']",3,1.0,0.25,0.4
Find the distinct locations that has a cinema.,['location'],"['cinema_id', 'name', 'location', 'location', 'cinema_id']",2,1.0,0.33,0.5,"['cinema_id', 'name', 'openning_year', 'capacity', 'location', 'location', 'cinema_id', 'film_id']",2,1.0,0.17,0.3,"['cinema_id', 'name', 'openning_year', 'capacity', 'location', 'location', 'cinema_id', 'film_id', 'show_times_per_day']",2,1.0,0.14,0.24
List the most common type of Status across cities.,['status'],"['status', 'status']",2,1.0,1.0,1.0,"['city_id', 'official_name', 'status', 'population', 'status']",2,1.0,0.25,0.4,"['city_id', 'official_name', 'status', 'area_km_2', 'population', 'census_ranking', 'status']",2,1.0,0.17,0.3
What are the distinct names of nurses on call?,"['name', 'employeeid']","['name', 'name', 'name', 'name', 'name', 'nurse']",5,0.5,0.5,0.5,"['name', 'name', 'name', 'name', 'name', 'nurse']",5,0.5,0.5,0.5,"['name', 'name', 'name', 'name', 'name', 'nurse']",5,0.5,0.5,0.5
What are the characters and duration of actors?,"['duration', 'character']","['duration', 'age', 'character', 'duration']",3,1.0,0.67,0.8,"['actor_id', 'name', 'musical_id', 'character', 'duration', 'age', 'character', 'duration']",4,1.0,0.33,0.5,"['actor_id', 'name', 'musical_id', 'character', 'duration', 'age', 'character', 'duration']",4,1.0,0.33,0.5
Find the patient who has the most recent undergoing treatment?,"['dateundergoes', 'patient']","['patient', 'patient', 'patient', 'patient']",4,0.5,1.0,0.66,"['patient', 'patient', 'patient', 'patient']",4,0.5,1.0,0.66,"['patient', 'patient', 'patient', 'patient']",4,0.5,1.0,0.66
Find the name and position of the head of the department with the least employees.,"['position', 'departmentid', 'name', 'employeeid', 'head']","['name', 'position', 'department', 'name', 'name', 'name', 'position', 'name']",7,0.4,0.67,0.5,"['name', 'position', 'department', 'name', 'name', 'name', 'position', 'name']",7,0.4,0.67,0.5,"['name', 'position', 'department', 'name', 'name', 'name', 'position', 'name']",7,0.4,0.67,0.5
"Show cinema name, film title, date, and price for each record in schedule.","['date', 'name', 'film_id', 'cinema_id', 'price', 'title']",[],0,0.0,division error,,"['film_id', 'rank_in_series', 'number_in_season', 'production_code']",1,0.17,0.25,0.2,"['film_id', 'rank_in_series', 'number_in_season', 'title', 'directed_by', 'original_air_date', 'production_code']",2,0.33,0.29,0.3
Return the duration of the actor with the greatest age.,"['duration', 'age']","['age', 'duration']",2,1.0,1.0,1.0,"['actor_id', 'name', 'duration', 'age', 'duration']",3,1.0,0.5,0.66,"['actor_id', 'name', 'musical_id', 'character', 'duration', 'age', 'duration']",3,1.0,0.33,0.5
How many patients' prescriptions are made by physician John Dorian?,"['ssn', 'employeeid', 'name']","['physician', 'physician', 'physician', 'physician', 'physician']",0,0.0,0.0,ZeroDivisionError,"['physician', 'physician', 'physician', 'physician', 'physician']",0,0.0,0.0,ZeroDivisionError,"['physician', 'physician', 'physician', 'physician', 'physician']",0,0.0,0.0,ZeroDivisionError
What are the characters of actors in descending order of age?,"['character', 'age']","['age', 'character']",2,1.0,1.0,1.0,"['actor_id', 'name', 'musical_id', 'character', 'duration', 'age', 'character']",3,1.0,0.33,0.5,"['actor_id', 'name', 'musical_id', 'character', 'duration', 'age', 'character']",3,1.0,0.33,0.5
What is the id of the appointment that started most recently?,"['appointmentid', 'start']",['appointment'],0,0.0,0.0,ZeroDivisionError,['appointment'],0,0.0,0.0,ZeroDivisionError,['appointment'],0,0.0,0.0,ZeroDivisionError
Show each location and the number of cinemas there.,['location'],"['location', 'location']",2,1.0,1.0,1.0,"['cinema_id', 'name', 'openning_year', 'capacity', 'location', 'location', 'cinema_id', 'film_id', 'show_times_per_day']",2,1.0,0.14,0.24,"['cinema_id', 'name', 'openning_year', 'capacity', 'location', 'location', 'cinema_id', 'film_id', 'show_times_per_day', 'price']",2,1.0,0.12,0.22
Find the three most expensive procedures.,"['name', 'cost']",[],0,0.0,division error,,[],0,0.0,division error,,[],0,0.0,division error,
What is the name of the nurse has the most appointments?,"['name', 'employeeid', 'prepnurse']","['name', 'name', 'name', 'name', 'name', 'nurse']",5,0.33,0.5,0.4,"['name', 'name', 'name', 'name', 'name', 'nurse']",5,0.33,0.5,0.4,"['name', 'name', 'name', 'name', 'name', 'nurse']",5,0.33,0.5,0.4
List the nominees that have been nominated more than two musicals.,['nominee'],"['nominee', 'result', 'nominee']",2,1.0,0.5,0.66,"['musical_id', 'name', 'year', 'award', 'nominee', 'result', 'nominee']",2,1.0,0.17,0.3,"['musical_id', 'name', 'year', 'award', 'category', 'nominee', 'result', 'nominee']",2,1.0,0.14,0.24
How many medications are prescribed for each brand?,"['name', 'code', 'brand']",['medication'],0,0.0,0.0,ZeroDivisionError,['medication'],0,0.0,0.0,ZeroDivisionError,['medication'],0,0.0,0.0,ZeroDivisionError
Who are all the directors?,['directed_by'],['directed_by'],1,1.0,1.0,1.0,"['rank_in_series', 'title', 'directed_by', 'production_code']",1,1.0,0.25,0.4,"['film_id', 'rank_in_series', 'number_in_season', 'title', 'directed_by', 'original_air_date', 'production_code']",1,1.0,0.14,0.24
How many companies are headquartered in the US?,['headquarters'],[],0,0.0,division error,,"['name', 'headquarters', 'industry']",1,1.0,0.33,0.5,"['company_id', 'name', 'headquarters', 'industry', 'sales_in_billion', 'profits_in_billion', 'assets_in_billion', 'market_value_in_billion']",1,1.0,0.12,0.22
Show the title and director for all films.,"['title', 'directed_by']","['title', 'directed_by', 'title']",3,1.0,1.0,1.0,"['film_id', 'rank_in_series', 'number_in_season', 'title', 'directed_by', 'production_code', 'title']",3,1.0,0.33,0.5,"['film_id', 'rank_in_series', 'number_in_season', 'title', 'directed_by', 'original_air_date', 'production_code', 'title']",3,1.0,0.29,0.44
Find the physicians who are trained in a procedure that costs more than 5000.,"['name', 'employeeid', 'cost', 'treatment', 'code']","['physician', 'cost', 'physician', 'physician', 'physician', 'physician']",1,0.2,0.5,0.28,"['physician', 'cost', 'physician', 'physician', 'physician', 'physician']",1,0.2,0.5,0.28,"['physician', 'cost', 'physician', 'physician', 'physician', 'physician']",1,0.2,0.5,0.28
Show names of actors and names of musicals they are in.,"['name', 'musical_id']",['name'],1,0.5,1.0,0.66,"['musical_id', 'name', 'year', 'award', 'nominee', 'result', 'name']",3,1.0,0.33,0.5,"['musical_id', 'name', 'year', 'award', 'nominee', 'result', 'name']",3,1.0,0.33,0.5
List the official names of cities that have not held any competition.,"['host_city_id', 'official_name', 'city_id']",[],0,0.0,division error,,[],0,0.0,division error,,"['competition_id', 'year', 'theme', 'host_city_id', 'hosts', 'competition_id', 'farm_id', 'rank']",1,0.33,0.14,0.2
Find the number of rooms located on each block floor.,"['blockcode', 'blockfloor']",['room'],0,0.0,0.0,ZeroDivisionError,['room'],0,0.0,0.0,ZeroDivisionError,['room'],0,0.0,0.0,ZeroDivisionError
List the name and cost of all procedures sorted by the cost from the highest to the lowest.,"['name', 'cost']","['name', 'name', 'cost', 'name', 'name', 'name']",6,1.0,1.0,1.0,"['name', 'name', 'cost', 'name', 'name', 'name']",6,1.0,1.0,1.0,"['name', 'name', 'cost', 'name', 'name', 'name']",6,1.0,1.0,1.0
Which physician was trained in the procedure that costs the most.,"['name', 'employeeid', 'cost', 'treatment', 'code']","['physician', 'cost', 'physician', 'physician', 'physician', 'physician']",1,0.2,0.5,0.28,"['physician', 'cost', 'physician', 'physician', 'physician', 'physician']",1,0.2,0.5,0.28,"['physician', 'cost', 'physician', 'physician', 'physician', 'physician']",1,0.2,0.5,0.28
How many rooms are located for each block code?,"['blockcode', 'blockfloor']",['room'],0,0.0,0.0,ZeroDivisionError,['room'],0,0.0,0.0,ZeroDivisionError,['room'],0,0.0,0.0,ZeroDivisionError
Show the names of companies and the number of employees they have,"['name', 'company_id', 'people_id']",['name'],1,0.33,1.0,0.5,['name'],1,0.33,1.0,0.5,['name'],1,0.33,1.0,0.5
Who is the nominee who has been nominated for the most musicals?,['nominee'],"['nominee', 'result', 'nominee']",2,1.0,0.5,0.66,"['musical_id', 'name', 'year', 'award', 'nominee', 'result', 'nominee']",2,1.0,0.17,0.3,"['musical_id', 'name', 'year', 'award', 'category', 'nominee', 'result', 'nominee']",2,1.0,0.14,0.24
Show names of companies and that of employees in descending order of number of years working for that employee.,"['name', 'year_working', 'company_id', 'people_id']",[],0,0.0,division error,,"['company_id', 'year_working']",2,0.5,1.0,0.66,"['company_id', 'people_id', 'year_working']",3,0.75,1.0,0.86
Return the first names and last names of employees who earn more than 30000 in salary.,"['lname', 'salary', 'fname']",[],0,0.0,division error,,"['fname', 'lname', 'salary']",3,1.0,1.0,1.0,"['fname', 'minit', 'lname', 'ssn', 'bdate', 'address', 'sex', 'salary', 'super_ssn', 'dno']",3,1.0,0.3,0.46
Show the different headquarters and number of companies at each headquarter.,['headquarters'],['headquarters'],1,1.0,1.0,1.0,"['name', 'headquarters', 'industry', 'headquarters']",2,1.0,0.33,0.5,"['company_id', 'name', 'headquarters', 'industry', 'sales_in_billion', 'profits_in_billion', 'assets_in_billion', 'market_value_in_billion', 'headquarters']",2,1.0,0.12,0.22
List the physicians' employee ids together with their primary affiliation departments' ids.,"['physician', 'primaryaffiliation', 'department']",[],0,0.0,division error,,[],0,0.0,division error,,[],0,0.0,division error,
What is the headquarter of the company with the largest sales?,"['headquarters', 'sales_in_billion']",['name'],0,0.0,0.0,ZeroDivisionError,"['name', 'headquarters', 'industry', 'sales_in_billion', 'profits_in_billion', 'market_value_in_billion']",2,1.0,0.33,0.5,"['company_id', 'name', 'headquarters', 'industry', 'sales_in_billion', 'profits_in_billion', 'assets_in_billion', 'market_value_in_billion']",2,1.0,0.25,0.4
Compute the mean price of procedures physician John Wen was trained in.,"['employeeid', 'cost', 'name', 'treatment', 'code']","['physician', 'physician', 'physician', 'physician', 'physician']",0,0.0,0.0,ZeroDivisionError,"['physician', 'physician', 'physician', 'physician', 'physician']",0,0.0,0.0,ZeroDivisionError,"['physician', 'physician', 'physician', 'physician', 'physician']",0,0.0,0.0,ZeroDivisionError
What are the name and primarily affiliated department name of each physician?,"['departmentid', 'name', 'employeeid', 'primaryaffiliation']","['name', 'department', 'name', 'name', 'name', 'name']",5,0.25,0.5,0.34,"['name', 'department', 'name', 'name', 'name', 'name']",5,0.25,0.5,0.34,"['name', 'department', 'name', 'name', 'name', 'name']",5,0.25,0.5,0.34
How many members have the black membership card?,['membership_card'],['membership_card'],1,1.0,1.0,1.0,"['name', 'membership_card', 'age', 'level_of_membership', 'address']",1,1.0,0.2,0.34,"['num_of_staff', 'member_id', 'name', 'membership_card', 'age', 'level_of_membership', 'address', 'num_of_staff_in_charge', 'member_id', 'total_amount']",1,1.0,0.11,0.2
What are the names of the physicians who have 'senior' in their titles.,"['name', 'position']","['name', 'physician', 'name', 'physician', 'name', 'name', 'physician', 'name', 'physician', 'physician']",5,0.5,0.5,0.5,"['name', 'physician', 'name', 'physician', 'name', 'name', 'physician', 'name', 'physician', 'physician']",5,0.5,0.5,0.5,"['name', 'physician', 'name', 'physician', 'name', 'name', 'physician', 'name', 'physician', 'physician']",5,0.5,0.5,0.5
What is the names of the physicians who prescribe medication Thesisin?,"['name', 'employeeid', 'code']","['name', 'physician', 'name', 'physician', 'name', 'name', 'physician', 'name', 'physician', 'medication', 'physician']",5,0.33,0.33,0.34,"['name', 'physician', 'name', 'physician', 'name', 'name', 'physician', 'name', 'physician', 'medication', 'physician']",5,0.33,0.33,0.34,"['name', 'physician', 'name', 'physician', 'name', 'name', 'physician', 'name', 'physician', 'medication', 'physician']",5,0.33,0.33,0.34
What is the average cost of procedures that physician John Wen was trained in?,"['employeeid', 'cost', 'name', 'treatment', 'code']","['physician', 'cost', 'physician', 'physician', 'physician', 'physician']",1,0.2,0.5,0.28,"['physician', 'cost', 'physician', 'physician', 'physician', 'physician']",1,0.2,0.5,0.28,"['physician', 'cost', 'physician', 'physician', 'physician', 'physician']",1,0.2,0.5,0.28
Return the name of each physician and the number of patients he or she treats.,"['name', 'employeeid', 'pcp']","['name', 'physician', 'name', 'physician', 'name', 'name', 'physician', 'patient', 'name', 'physician', 'patient', 'patient', 'physician', 'patient']",5,0.33,0.33,0.34,"['name', 'physician', 'name', 'physician', 'name', 'name', 'physician', 'patient', 'name', 'physician', 'patient', 'patient', 'physician', 'patient']",5,0.33,0.33,0.34,"['name', 'physician', 'name', 'physician', 'name', 'name', 'physician', 'patient', 'name', 'physician', 'patient', 'patient', 'physician', 'patient']",5,0.33,0.33,0.34
Which physicians are trained in procedures that are more expensive than 5000?,"['name', 'employeeid', 'cost', 'treatment', 'code']","['physician', 'physician', 'physician', 'physician', 'physician']",0,0.0,0.0,ZeroDivisionError,"['physician', 'physician', 'physician', 'physician', 'physician']",0,0.0,0.0,ZeroDivisionError,"['physician', 'physician', 'physician', 'physician', 'physician']",0,0.0,0.0,ZeroDivisionError
Which statuses correspond to both cities that have a population over 1500 and cities that have a population lower than 500?,"['population', 'status']","['population', 'status', 'population']",3,1.0,1.0,1.0,"['official_name', 'status', 'population', 'census_ranking', 'status', 'population']",4,1.0,0.5,0.66,"['city_id', 'official_name', 'status', 'area_km_2', 'population', 'census_ranking', 'status', 'population']",4,1.0,0.33,0.5
What are the names of the physician who prescribed the highest dose?,"['name', 'employeeid', 'dose']","['name', 'physician', 'name', 'physician', 'name', 'name', 'physician', 'name', 'physician', 'physician']",5,0.33,0.5,0.4,"['name', 'physician', 'name', 'physician', 'name', 'name', 'physician', 'name', 'physician', 'physician']",5,0.33,0.5,0.4,"['name', 'physician', 'name', 'physician', 'name', 'name', 'physician', 'name', 'physician', 'physician']",5,0.33,0.5,0.4
Find the name of physicians whose position title contains the word 'senior'.,"['name', 'position']","['name', 'position', 'physician', 'name', 'physician', 'name', 'name', 'position', 'physician', 'name', 'physician', 'physician']",7,1.0,0.67,0.8,"['name', 'position', 'physician', 'name', 'physician', 'name', 'name', 'position', 'physician', 'name', 'physician', 'physician']",7,1.0,0.67,0.8,"['name', 'position', 'physician', 'name', 'physician', 'name', 'name', 'position', 'physician', 'name', 'physician', 'physician']",7,1.0,0.67,0.8
What are the census rankings of cities that do not have the status 'Village'?,"['status', 'census_ranking']","['census_ranking', 'status']",2,1.0,1.0,1.0,"['official_name', 'status', 'population', 'census_ranking', 'status']",3,1.0,0.5,0.66,"['city_id', 'official_name', 'status', 'area_km_2', 'population', 'census_ranking', 'status']",3,1.0,0.33,0.5
List the names of patients who have made appointments.,"['ssn', 'name']","['name', 'name', 'name', 'name', 'patient', 'name', 'patient', 'patient', 'patient']",5,0.5,0.5,0.5,"['name', 'name', 'name', 'name', 'patient', 'name', 'patient', 'patient', 'patient']",5,0.5,0.5,0.5,"['name', 'name', 'name', 'name', 'patient', 'name', 'patient', 'patient', 'patient']",5,0.5,0.5,0.5
What are the statuses and average populations of each city?,"['population', 'status']","['status', 'population', 'status', 'population']",4,1.0,1.0,1.0,"['official_name', 'status', 'area_km_2', 'population', 'census_ranking', 'status', 'population']",4,1.0,0.4,0.58,"['city_id', 'official_name', 'status', 'area_km_2', 'population', 'census_ranking', 'status', 'population']",4,1.0,0.33,0.5
What are the names of patients who are not taking the medication of Procrastin-X.,"['ssn', 'name', 'code']","['name', 'name', 'name', 'name', 'patient', 'name', 'patient', 'medication', 'patient', 'patient']",5,0.33,0.33,0.34,"['name', 'name', 'name', 'name', 'patient', 'name', 'patient', 'medication', 'patient', 'patient']",5,0.33,0.33,0.34,"['name', 'name', 'name', 'name', 'patient', 'name', 'patient', 'medication', 'patient', 'patient']",5,0.33,0.33,0.34
Which nurses are in charge of patients undergoing treatments?,"['name', 'employeeid', 'assistingnurse']","['patient', 'patient', 'nurse', 'patient', 'patient']",0,0.0,0.0,ZeroDivisionError,"['patient', 'patient', 'nurse', 'patient', 'patient']",0,0.0,0.0,ZeroDivisionError,"['patient', 'patient', 'nurse', 'patient', 'patient']",0,0.0,0.0,ZeroDivisionError
Find the physician who prescribed the highest dose. What is his or her name?,"['name', 'employeeid', 'dose']","['physician', 'physician', 'physician', 'physician', 'physician']",0,0.0,0.0,ZeroDivisionError,"['physician', 'physician', 'physician', 'physician', 'physician']",0,0.0,0.0,ZeroDivisionError,"['physician', 'physician', 'physician', 'physician', 'physician']",0,0.0,0.0,ZeroDivisionError
Show names of musicals and the number of actors who have appeared in the musicals.,"['name', 'musical_id']",['name'],1,0.5,1.0,0.66,"['name', 'year', 'nominee', 'result', 'name']",2,0.5,0.25,0.34,"['musical_id', 'name', 'year', 'award', 'nominee', 'result', 'name']",3,1.0,0.33,0.5
How many cinema do we have?,[],"['name', 'capacity', 'cinema_id']",0,division error,0.0,,"['cinema_id', 'name', 'openning_year', 'capacity', 'location', 'cinema_id', 'film_id', 'show_times_per_day']",0,division error,0.0,,"['cinema_id', 'name', 'openning_year', 'capacity', 'location', 'cinema_id', 'film_id', 'show_times_per_day', 'price']",0,division error,0.0,
What are the themes of farm competitions sorted by year in ascending order?,"['year', 'theme']","['theme', 'theme', 'year', 'farm_id', 'rank', 'year']",4,1.0,0.5,0.66,"['year', 'working_horses', 'year', 'competition_id', 'year', 'theme', 'hosts', 'theme', 'year', 'competition_id', 'farm_id', 'rank']",6,1.0,0.29,0.44,"['farm_id', 'year', 'total_horses', 'working_horses', 'total_cattle', 'oxen', 'bulls', 'cows', 'pigs', 'sheep_and_goats', 'year', 'competition_id', 'year', 'theme', 'hosts', 'theme', 'year', 'competition_id', 'farm_id', 'rank']",6,1.0,0.14,0.24
Which physicians prescribe a medication of brand X? Tell me the name and position of those physicians.,"['position', 'name', 'employeeid', 'brand', 'code']","['name', 'position', 'physician', 'name', 'physician', 'name', 'name', 'position', 'physician', 'brand', 'name', 'physician', 'medication', 'physician']",8,0.6,0.6,0.6,"['name', 'position', 'physician', 'name', 'physician', 'name', 'name', 'position', 'physician', 'brand', 'name', 'physician', 'medication', 'physician']",8,0.6,0.6,0.6,"['name', 'position', 'physician', 'name', 'physician', 'name', 'name', 'position', 'physician', 'brand', 'name', 'physician', 'medication', 'physician']",8,0.6,0.6,0.6
"What is the total horses record for each farm, sorted ascending?",['total_horses'],"['total_horses', 'working_horses']",1,1.0,0.5,0.66,"['year', 'total_horses', 'working_horses', 'total_cattle', 'oxen', 'bulls', 'cows', 'pigs', 'sheep_and_goats', 'farm_id', 'rank']",1,1.0,0.09,0.16,"['farm_id', 'year', 'total_horses', 'working_horses', 'total_cattle', 'oxen', 'bulls', 'cows', 'pigs', 'sheep_and_goats', 'year', 'farm_id', 'rank']",1,1.0,0.09,0.16
"Show the average, minimum, and maximum capacity for all the cinemas opened in year 2011 or later.","['openning_year', 'capacity']","['openning_year', 'capacity', 'capacity']",3,1.0,1.0,1.0,"['name', 'openning_year', 'capacity', 'location', 'capacity', 'cinema_id', 'show_times_per_day']",3,1.0,0.33,0.5,"['cinema_id', 'name', 'openning_year', 'capacity', 'location', 'capacity', 'cinema_id', 'film_id', 'date', 'show_times_per_day', 'price']",3,1.0,0.22,0.36
Find the name and position of physicians who prescribe some medication whose brand is X?,"['position', 'name', 'employeeid', 'brand', 'code']","['name', 'position', 'physician', 'name', 'physician', 'name', 'name', 'position', 'physician', 'name', 'brand', 'physician', 'medication', 'physician']",8,0.6,0.6,0.6,"['name', 'position', 'physician', 'name', 'physician', 'name', 'name', 'position', 'physician', 'name', 'brand', 'physician', 'medication', 'physician']",8,0.6,0.6,0.6,"['name', 'position', 'physician', 'name', 'physician', 'name', 'name', 'position', 'physician', 'name', 'brand', 'physician', 'medication', 'physician']",8,0.6,0.6,0.6
What are the names of patients who are staying in room 111 and have an undergoing treatment?,"['stayid', 'ssn', 'name', 'room']","['name', 'name', 'name', 'name', 'patient', 'name', 'patient', 'patient', 'room', 'patient']",6,0.5,0.67,0.58,"['name', 'name', 'name', 'name', 'patient', 'name', 'patient', 'patient', 'room', 'patient']",6,0.5,0.67,0.58,"['name', 'name', 'name', 'name', 'patient', 'name', 'patient', 'patient', 'room', 'patient']",6,0.5,0.67,0.58
List the name of actors whose age is not 20.,"['name', 'age']","['age', 'name', 'age', 'name']",4,1.0,1.0,1.0,"['actor_id', 'name', 'musical_id', 'age', 'name', 'age', 'name']",5,1.0,0.5,0.66,"['actor_id', 'name', 'musical_id', 'character', 'duration', 'age', 'name', 'age', 'name']",5,1.0,0.33,0.5
Who are the nominees who have been nominated for both a Tony Award and a Drama Desk Award?,"['award', 'nominee']","['nominee', 'award']",2,1.0,1.0,1.0,"['award', 'category', 'nominee', 'result', 'nominee', 'award']",4,1.0,0.5,0.66,"['musical_id', 'name', 'year', 'award', 'category', 'nominee', 'result', 'nominee', 'award']",4,1.0,0.29,0.44
list the names of the companies with more than 200 sales in the descending order of sales and profits.,"['name', 'sales_in_billion', 'profits_in_billion']","['name', 'name']",2,0.33,1.0,0.5,"['name', 'industry', 'sales_in_billion', 'name', 'name']",4,0.67,0.67,0.68,"['company_id', 'name', 'headquarters', 'industry', 'sales_in_billion', 'profits_in_billion', 'assets_in_billion', 'market_value_in_billion', 'name', 'name']",5,1.0,0.38,0.56
What is the alphabetically ordered list of all distinct medications?,['name'],[],0,0.0,division error,,[],0,0.0,division error,,[],0,0.0,division error,
What is the employee id of the head whose department has the least number of employees?,"['departmentid', 'head']",['head'],1,0.5,1.0,0.66,"['dname', 'dnumber', 'mgr_ssn', 'mgr_start_date', 'head']",1,0.5,0.2,0.28,"['dname', 'dnumber', 'mgr_ssn', 'mgr_start_date', 'head']",1,0.5,0.2,0.28
Find the ids and names of members who are under age 30 or with black membership card.,"['name', 'member_id', 'membership_card', 'age']","['name', 'age']",2,0.5,1.0,0.66,"['name', 'membership_card', 'age', 'level_of_membership', 'address', 'name', 'age']",5,0.75,0.6,0.66,"['member_id', 'name', 'membership_card', 'age', 'level_of_membership', 'address', 'name', 'age', 'member_id']",7,1.0,0.67,0.8
Show the official names of the cities that have hosted more than one competition.,"['host_city_id', 'official_name', 'city_id']",['hosts'],0,0.0,0.0,ZeroDivisionError,"['year', 'theme', 'host_city_id', 'hosts', 'competition_id']",1,0.33,0.2,0.24,"['competition_id', 'year', 'theme', 'host_city_id', 'hosts', 'competition_id', 'farm_id', 'rank']",1,0.33,0.14,0.2
Show the names of employees that work for companies with sales bigger than 200.,"['name', 'sales_in_billion', 'company_id', 'people_id']",[],0,0.0,division error,,"['company_id', 'year_working']",1,0.25,0.5,0.34,"['company_id', 'people_id', 'year_working']",2,0.5,0.67,0.58
What are the title and maximum price of each film?,"['title', 'price', 'film_id']",['title'],1,0.33,1.0,0.5,"['film_id', 'rank_in_series', 'number_in_season', 'title', 'directed_by', 'production_code', 'title']",3,0.67,0.33,0.44,"['film_id', 'rank_in_series', 'number_in_season', 'title', 'directed_by', 'original_air_date', 'production_code', 'title']",3,0.67,0.29,0.4
List all department names ordered by their starting date.,"['dname', 'mgr_start_date']","['dname', 'mgr_start_date', 'name']",2,1.0,0.67,0.8,"['dname', 'dnumber', 'mgr_ssn', 'mgr_start_date', 'name']",2,1.0,0.4,0.58,"['dname', 'dnumber', 'mgr_ssn', 'mgr_start_date', 'name']",2,1.0,0.4,0.58
Count the number of actors.,[],[],0,division error,division error,,"['actor_id', 'name', 'musical_id', 'character', 'duration', 'age']",0,division error,0.0,,"['actor_id', 'name', 'musical_id', 'character', 'duration', 'age', 'assets_in_billion']",0,division error,0.0,
Find the names of nurses who are on call.,"['name', 'employeeid']","['name', 'name', 'name', 'name', 'name', 'nurse']",5,0.5,0.5,0.5,"['name', 'name', 'name', 'name', 'name', 'nurse']",5,0.5,0.5,0.5,"['name', 'name', 'name', 'name', 'name', 'nurse']",5,0.5,0.5,0.5
Who are the nominees who were nominated for either of the Bob Fosse or Cleavant Derricks awards?,"['award', 'nominee']",['nominee'],1,0.5,1.0,0.66,"['award', 'category', 'nominee', 'result', 'nominee']",3,1.0,0.5,0.66,"['award', 'category', 'nominee', 'result', 'nominee']",3,1.0,0.5,0.66
How many actors have appeared in each musical?,"['name', 'musical_id']",[],0,0.0,division error,,"['musical_id', 'name', 'year', 'award', 'nominee', 'result']",2,1.0,0.33,0.5,"['musical_id', 'name', 'year', 'award', 'nominee', 'result']",2,1.0,0.33,0.5
What are the official names of cities that have population over 1500 or less than 500?,"['population', 'official_name']","['population', 'population']",2,0.5,1.0,0.66,"['official_name', 'status', 'population', 'population']",3,1.0,0.67,0.8,"['city_id', 'official_name', 'status', 'area_km_2', 'population', 'census_ranking', 'population']",3,1.0,0.33,0.5
Count how many appointments have been made in total.,[],['appointment'],0,division error,0.0,,['appointment'],0,division error,0.0,,['appointment'],0,division error,0.0,
What is the duration of the oldest actor?,"['duration', 'age']","['duration', 'age', 'duration']",3,1.0,1.0,1.0,"['actor_id', 'name', 'musical_id', 'duration', 'age', 'duration']",3,1.0,0.4,0.58,"['actor_id', 'name', 'musical_id', 'character', 'duration', 'age', 'duration']",3,1.0,0.33,0.5
What are the average score and average staff number of all shops?,"['num_of_staff', 'score']","['num_of_staff', 'score', 'score']",3,1.0,1.0,1.0,"['address', 'num_of_staff', 'score', 'open_year', 'score']",3,1.0,0.5,0.66,"['shop_id', 'address', 'num_of_staff', 'score', 'open_year', 'score', 'time_of_purchase', 'level_of_membership', 'shop_id', 'num_of_staff_in_charge', 'total_amount']",3,1.0,0.22,0.36
What are the three most costly procedures?,"['name', 'cost']",[],0,0.0,division error,,[],0,0.0,division error,,[],0,0.0,division error,
"What are the official names of cities, ordered descending by population?","['population', 'official_name']",['official_name'],1,0.5,1.0,0.66,"['city_id', 'official_name', 'status', 'population', 'census_ranking']",2,1.0,0.4,0.58,"['city_id', 'official_name', 'status', 'area_km_2', 'population', 'census_ranking']",2,1.0,0.33,0.5
Return the hosts of competitions for which the theme is not Aliens?,"['hosts', 'theme']","['theme', 'hosts', 'theme']",3,1.0,1.0,1.0,"['theme', 'hosts', 'theme', 'competition_id']",3,1.0,0.67,0.8,"['competition_id', 'year', 'theme', 'host_city_id', 'hosts', 'theme', 'competition_id', 'farm_id']",3,1.0,0.33,0.5
what is the name and position of the head whose department has least number of employees?,"['position', 'departmentid', 'name', 'employeeid', 'head']","['name', 'position', 'department', 'name', 'name', 'name', 'position', 'name']",7,0.4,0.67,0.5,"['name', 'position', 'department', 'name', 'name', 'name', 'position', 'name']",7,0.4,0.67,0.5,"['name', 'position', 'department', 'name', 'name', 'name', 'position', 'name']",7,0.4,0.67,0.5
What are the official names of cities that have hosted more than one competition?,"['host_city_id', 'official_name', 'city_id']",['hosts'],0,0.0,0.0,ZeroDivisionError,"['year', 'theme', 'host_city_id', 'hosts', 'competition_id']",1,0.33,0.2,0.24,"['competition_id', 'year', 'theme', 'host_city_id', 'hosts', 'competition_id', 'farm_id', 'rank']",1,0.33,0.14,0.2
Find the name of physicians who are affiliated with both Surgery and Psychiatry departments.,"['departmentid', 'name', 'employeeid']","['name', 'physician', 'name', 'physician', 'name', 'name', 'physician', 'name', 'physician', 'physician']",5,0.33,0.5,0.4,"['name', 'physician', 'name', 'physician', 'name', 'name', 'physician', 'name', 'physician', 'physician']",5,0.33,0.5,0.4,"['name', 'physician', 'name', 'physician', 'name', 'name', 'physician', 'name', 'physician', 'physician']",5,0.33,0.5,0.4
List the names of all distinct nurses ordered by alphabetical order?,['name'],"['name', 'name', 'name', 'name', 'name', 'nurse']",5,1.0,0.5,0.66,"['name', 'name', 'name', 'name', 'name', 'nurse']",5,1.0,0.5,0.66,"['name', 'name', 'name', 'name', 'name', 'nurse']",5,1.0,0.5,0.66
Find the names of patients who are not using the medication of Procrastin-X.,"['ssn', 'name', 'code']","['name', 'name', 'name', 'name', 'patient', 'name', 'patient', 'medication', 'patient', 'patient']",5,0.33,0.33,0.34,"['name', 'name', 'name', 'name', 'patient', 'name', 'patient', 'medication', 'patient', 'patient']",5,0.33,0.33,0.34,"['name', 'name', 'name', 'name', 'patient', 'name', 'patient', 'medication', 'patient', 'patient']",5,0.33,0.33,0.34
Find the number of distinct room types available.,['roomtype'],['room'],0,0.0,0.0,ZeroDivisionError,['room'],0,0.0,0.0,ZeroDivisionError,['room'],0,0.0,0.0,ZeroDivisionError
Which patient is undergoing the most recent treatment?,"['dateundergoes', 'patient']","['patient', 'patient', 'patient', 'patient']",4,0.5,1.0,0.66,"['patient', 'patient', 'patient', 'patient']",4,0.5,1.0,0.66,"['patient', 'patient', 'patient', 'patient']",4,0.5,1.0,0.66
Find the number of medications prescribed for each brand.,"['name', 'code', 'brand']",['medication'],0,0.0,0.0,ZeroDivisionError,['medication'],0,0.0,0.0,ZeroDivisionError,['medication'],0,0.0,0.0,ZeroDivisionError
Find the names of all patients who have an undergoing treatment and are staying in room 111.,"['stayid', 'ssn', 'name', 'room']","['name', 'name', 'treatment', 'name', 'name', 'patient', 'name', 'patient', 'patient', 'room', 'patient']",6,0.5,0.5,0.5,"['name', 'name', 'treatment', 'name', 'name', 'patient', 'name', 'patient', 'patient', 'room', 'patient']",6,0.5,0.5,0.5,"['name', 'name', 'treatment', 'name', 'name', 'patient', 'name', 'patient', 'patient', 'room', 'patient']",6,0.5,0.5,0.5
What are the names of musicals who have no actors?,"['name', 'musical_id']",['name'],1,0.5,1.0,0.66,"['name', 'year', 'nominee', 'result', 'name']",2,0.5,0.25,0.34,"['musical_id', 'name', 'year', 'award', 'nominee', 'result', 'name']",3,1.0,0.33,0.5
Find the official names of cities with population bigger than 1500 or smaller than 500.,"['population', 'official_name']",['population'],1,0.5,1.0,0.66,"['official_name', 'status', 'population', 'population']",3,1.0,0.67,0.8,"['city_id', 'official_name', 'status', 'area_km_2', 'population', 'census_ranking', 'population']",3,1.0,0.33,0.5
What are the names of actors who are not 20 years old?,"['name', 'age']","['name', 'age', 'name', 'name']",4,1.0,1.0,1.0,"['actor_id', 'name', 'musical_id', 'age', 'name', 'name']",4,1.0,0.5,0.66,"['actor_id', 'name', 'musical_id', 'character', 'duration', 'age', 'name', 'name']",4,1.0,0.33,0.5
What are the names of all the physicians who took appointments.,"['name', 'employeeid']","['name', 'physician', 'name', 'physician', 'name', 'name', 'physician', 'name', 'physician', 'physician']",5,0.5,0.5,0.5,"['name', 'physician', 'name', 'physician', 'name', 'name', 'physician', 'name', 'physician', 'physician']",5,0.5,0.5,0.5,"['name', 'physician', 'name', 'physician', 'name', 'name', 'physician', 'name', 'physician', 'physician']",5,0.5,0.5,0.5
What is the most common status across all cities?,['status'],"['status', 'status']",2,1.0,1.0,1.0,"['city_id', 'official_name', 'status', 'population', 'status']",2,1.0,0.25,0.4,"['city_id', 'official_name', 'status', 'area_km_2', 'population', 'census_ranking', 'status']",2,1.0,0.17,0.3
Return the names of musicals who have the nominee Bob Fosse.,"['name', 'nominee']","['nominee', 'name', 'nominee']",3,1.0,1.0,1.0,"['name', 'year', 'award', 'nominee', 'result', 'name', 'nominee']",4,1.0,0.4,0.58,"['musical_id', 'name', 'year', 'award', 'category', 'nominee', 'result', 'name', 'nominee']",4,1.0,0.29,0.44
Show names of actors that have appeared in musical with name 'The Phantom of the Opera'.,"['name', 'musical_id']",['name'],1,0.5,1.0,0.66,"['name', 'nominee', 'name']",2,0.5,0.5,0.5,"['musical_id', 'name', 'year', 'award', 'nominee', 'result', 'name']",3,1.0,0.33,0.5
Find the address and staff number of the shops that do not have any happy hour.,"['address', 'shop_id', 'num_of_staff']","['shop_id', 'address', 'address']",3,0.67,1.0,0.8,"['address', 'num_of_staff', 'open_year', 'address', 'shop_id', 'month', 'num_of_staff_in_charge', 'hh_id', 'address']",5,1.0,0.43,0.6,"['shop_id', 'address', 'num_of_staff', 'score', 'open_year', 'address', 'time_of_purchase', 'address', 'hh_id', 'shop_id', 'month', 'num_of_staff_in_charge', 'hh_id', 'member_id', 'total_amount']",6,1.0,0.27,0.42
"Among the procedures that cost more than 1000, which were not specialized in by physician John Wen?","['name', 'cost', 'employeeid', 'treatment', 'code']","['physician', 'cost', 'physician', 'physician', 'physician', 'physician']",1,0.2,0.5,0.28,"['physician', 'cost', 'physician', 'physician', 'physician', 'physician']",1,0.2,0.5,0.28,"['physician', 'cost', 'physician', 'physician', 'physician', 'physician']",1,0.2,0.5,0.28
Find the patient who most recently stayed in room 111.,"['staystart', 'room', 'patient']","['patient', 'patient', 'patient', 'room', 'patient']",5,0.67,1.0,0.8,"['patient', 'patient', 'patient', 'room', 'patient']",5,0.67,1.0,0.8,"['patient', 'patient', 'patient', 'room', 'patient']",5,0.67,1.0,0.8
Which address has both members younger than 30 and members older than 40?,"['address', 'age']","['age', 'address', 'address']",3,1.0,1.0,1.0,"['name', 'age', 'address', 'address', 'address']",4,1.0,0.67,0.8,"['member_id', 'name', 'membership_card', 'age', 'level_of_membership', 'address', 'address', 'member_id', 'address']",4,1.0,0.33,0.5
How many patients do each physician take care of? List their names and number of patients they take care of.,"['name', 'employeeid', 'pcp']","['name', 'physician', 'name', 'physician', 'name', 'name', 'patient', 'physician', 'name', 'patient', 'physician', 'patient', 'patient', 'physician']",5,0.33,0.33,0.34,"['name', 'physician', 'name', 'physician', 'name', 'name', 'patient', 'physician', 'name', 'patient', 'physician', 'patient', 'patient', 'physician']",5,0.33,0.33,0.34,"['name', 'physician', 'name', 'physician', 'name', 'name', 'patient', 'physician', 'name', 'patient', 'physician', 'patient', 'patient', 'physician']",5,0.33,0.33,0.34
"Please show the different statuses, ordered by the number of cities that have each.",['status'],['status'],1,1.0,1.0,1.0,"['city_id', 'official_name', 'status', 'area_km_2', 'population', 'census_ranking']",1,1.0,0.17,0.3,"['city_id', 'official_name', 'status', 'area_km_2', 'population', 'census_ranking']",1,1.0,0.17,0.3
Who are the nominees who have been nominated more than two times?,['nominee'],['nominee'],1,1.0,1.0,1.0,"['category', 'nominee', 'result', 'nominee']",2,1.0,0.33,0.5,"['award', 'category', 'nominee', 'result', 'nominee']",2,1.0,0.25,0.4
Find the id of the appointment with the most recent start date?,"['appointmentid', 'start']","['start', 'appointment']",1,0.5,0.5,0.5,"['start', 'appointment']",1,0.5,0.5,0.5,"['start', 'appointment']",1,0.5,0.5,0.5
Show the headquarters that have both companies in banking industry and companies in oil and gas industry.,"['headquarters', 'industry']","['headquarters', 'industry']",2,1.0,1.0,1.0,"['name', 'headquarters', 'industry', 'headquarters', 'industry']",4,1.0,0.67,0.8,"['company_id', 'name', 'headquarters', 'industry', 'sales_in_billion', 'profits_in_billion', 'market_value_in_billion', 'headquarters', 'industry']",4,1.0,0.29,0.44
Find the id and address of the shops whose score is below the average score.,"['address', 'score', 'shop_id']","['score', 'address', 'score', 'address']",4,0.67,1.0,0.8,"['address', 'score', 'address', 'score', 'address']",5,0.67,1.0,0.8,"['shop_id', 'address', 'num_of_staff', 'score', 'open_year', 'address', 'score', 'time_of_purchase', 'address', 'shop_id']",7,1.0,0.5,0.66
How many different statuses do cities have?,['status'],"['status', 'status']",2,1.0,1.0,1.0,"['city_id', 'official_name', 'status', 'area_km_2', 'population', 'status']",2,1.0,0.2,0.34,"['city_id', 'official_name', 'status', 'area_km_2', 'population', 'census_ranking', 'status']",2,1.0,0.17,0.3
Find the locations that have more than one movie theater with capacity above 300.,"['capacity', 'location']","['capacity', 'location', 'location', 'capacity']",4,1.0,1.0,1.0,"['name', 'openning_year', 'capacity', 'location', 'location', 'capacity', 'cinema_id']",4,1.0,0.4,0.58,"['cinema_id', 'name', 'openning_year', 'capacity', 'location', 'location', 'capacity', 'cinema_id', 'film_id', 'show_times_per_day', 'price']",4,1.0,0.25,0.4
Show director with the largest number of show times in total.,"['directed_by', 'show_times_per_day', 'film_id']",[],0,0.0,division error,,"['rank_in_series', 'number_in_season']",0,0.0,0.0,ZeroDivisionError,"['film_id', 'rank_in_series', 'number_in_season', 'directed_by', 'production_code']",2,0.67,0.4,0.5
Give the years and official names of the cities of each competition.,"['year', 'host_city_id', 'official_name', 'city_id']","['year', 'year', 'year']",3,0.25,1.0,0.4,"['competition_id', 'year', 'theme', 'hosts', 'year', 'competition_id', 'farm_id', 'year']",3,0.25,0.2,0.22,"['year', 'year', 'competition_id', 'year', 'theme', 'host_city_id', 'hosts', 'year', 'competition_id', 'farm_id', 'rank']",5,0.5,0.29,0.36
List the names of people that are not employed by any company,"['name', 'people_id']",[],0,0.0,division error,,"['company_id', 'people_id', 'year_working']",1,0.5,0.33,0.4,"['company_id', 'people_id', 'year_working']",1,0.5,0.33,0.4
Show the names of companies in the banking or retailing industry?,"['name', 'industry']","['name', 'name']",2,0.5,1.0,0.66,"['company_id', 'name', 'industry', 'name', 'name']",4,1.0,0.67,0.8,"['company_id', 'name', 'headquarters', 'industry', 'sales_in_billion', 'profits_in_billion', 'assets_in_billion', 'market_value_in_billion', 'name', 'name']",4,1.0,0.25,0.4
What is the name of the patient who made the most recent appointment?,"['ssn', 'name', 'start']","['name', 'name', 'name', 'name', 'patient', 'name', 'patient', 'patient', 'patient']",5,0.33,0.5,0.4,"['name', 'name', 'name', 'name', 'patient', 'name', 'patient', 'patient', 'patient']",5,0.33,0.5,0.4,"['name', 'name', 'name', 'name', 'patient', 'name', 'patient', 'patient', 'patient']",5,0.33,0.5,0.4
what are name and phone number of patients who had more than one appointment?,"['phone', 'name', 'ssn']","['name', 'name', 'name', 'phone', 'name', 'patient', 'name', 'patient', 'patient', 'patient']",6,0.67,0.67,0.68,"['name', 'name', 'name', 'phone', 'name', 'patient', 'name', 'patient', 'patient', 'patient']",6,0.67,0.67,0.68,"['name', 'name', 'name', 'phone', 'name', 'patient', 'name', 'patient', 'patient', 'patient']",6,0.67,0.67,0.68
"List the names of all distinct medications, ordered in an alphabetical order.",['name'],"['name', 'name', 'name', 'name', 'name']",5,1.0,1.0,1.0,"['name', 'name', 'name', 'name', 'name']",5,1.0,1.0,1.0,"['name', 'name', 'name', 'name', 'name']",5,1.0,1.0,1.0
What are the id and address of the shops which have a happy hour in May?,"['address', 'month', 'shop_id']","['address', 'address', 'shop_id', 'address']",4,0.67,1.0,0.8,"['shop_id', 'address', 'open_year', 'address', 'hh_id', 'shop_id', 'month', 'num_of_staff_in_charge', 'hh_id', 'member_id', 'address']",6,1.0,0.43,0.6,"['shop_id', 'address', 'num_of_staff', 'score', 'open_year', 'address', 'time_of_purchase', 'address', 'hh_id', 'shop_id', 'month', 'num_of_staff_in_charge', 'hh_id', 'member_id', 'total_amount']",6,1.0,0.27,0.42
Find the names of all procedures such that the cost is less than 5000 and physician John Wen was trained in.,"['name', 'cost', 'employeeid', 'treatment', 'code']","['name', 'physician', 'name', 'cost', 'physician', 'name', 'name', 'physician', 'name', 'physician', 'physician']",6,0.4,0.67,0.5,"['name', 'physician', 'name', 'cost', 'physician', 'name', 'name', 'physician', 'name', 'physician', 'physician']",6,0.4,0.67,0.5,"['name', 'physician', 'name', 'cost', 'physician', 'name', 'name', 'physician', 'name', 'physician', 'physician']",6,0.4,0.67,0.5
Show the status shared by cities with population bigger than 1500 and smaller than 500.,"['population', 'status']","['status', 'population']",2,1.0,1.0,1.0,"['status', 'population', 'status', 'population']",4,1.0,1.0,1.0,"['city_id', 'official_name', 'status', 'area_km_2', 'population', 'census_ranking', 'status', 'population']",4,1.0,0.33,0.5
What are the names of actors ordered descending by the year in which their musical was awarded?,"['year', 'name', 'musical_id']","['year', 'award', 'nominee', 'result', 'name', 'year']",3,0.67,0.4,0.5,"['musical_id', 'name', 'year', 'award', 'nominee', 'result', 'name', 'year']",5,1.0,0.5,0.66,"['musical_id', 'name', 'year', 'award', 'category', 'nominee', 'result', 'name', 'year']",5,1.0,0.43,0.6
Please show the themes of competitions with host cities having populations larger than 1000.,"['population', 'host_city_id', 'city_id', 'theme']","['theme', 'theme']",2,0.25,1.0,0.4,"['competition_id', 'year', 'theme', 'host_city_id', 'hosts', 'theme', 'competition_id', 'farm_id']",3,0.5,0.33,0.4,"['bulls', 'competition_id', 'year', 'theme', 'host_city_id', 'hosts', 'theme', 'competition_id', 'farm_id', 'rank']",3,0.5,0.25,0.34
Show the status of the city that has hosted the greatest number of competitions.,"['host_city_id', 'status', 'city_id']","['year', 'hosts']",0,0.0,0.0,ZeroDivisionError,"['competition_id', 'year', 'theme', 'hosts', 'competition_id']",0,0.0,0.0,ZeroDivisionError,"['competition_id', 'year', 'theme', 'host_city_id', 'hosts', 'competition_id', 'farm_id', 'rank']",1,0.33,0.14,0.2
Show the census ranking of cities whose status are not 'Village'.,"['status', 'census_ranking']","['census_ranking', 'status']",2,1.0,1.0,1.0,"['official_name', 'status', 'population', 'census_ranking', 'status']",3,1.0,0.5,0.66,"['city_id', 'official_name', 'status', 'area_km_2', 'population', 'census_ranking', 'status']",3,1.0,0.33,0.5
What are the unique block codes that have available rooms?,"['blockcode', 'unavailable']","['code', 'code']",0,0.0,0.0,ZeroDivisionError,"['code', 'code']",0,0.0,0.0,ZeroDivisionError,"['code', 'code']",0,0.0,0.0,ZeroDivisionError
Give me the title and highest price for each film.,"['title', 'price', 'film_id']",['title'],1,0.33,1.0,0.5,"['film_id', 'rank_in_series', 'number_in_season', 'title', 'directed_by', 'production_code', 'title']",3,0.67,0.33,0.44,"['film_id', 'rank_in_series', 'number_in_season', 'title', 'directed_by', 'original_air_date', 'production_code', 'title']",3,0.67,0.29,0.4
Show different nominees and the number of musicals they have been nominated.,['nominee'],"['nominee', 'result', 'nominee']",2,1.0,0.5,0.66,"['musical_id', 'name', 'year', 'award', 'category', 'nominee', 'result', 'nominee']",2,1.0,0.14,0.24,"['musical_id', 'name', 'year', 'award', 'category', 'nominee', 'result', 'nominee']",2,1.0,0.14,0.24
What are the name and location of the cinema with the largest capacity?,"['name', 'capacity', 'location']","['name', 'capacity', 'location', 'name', 'location', 'cinema_id']",5,1.0,0.75,0.86,"['cinema_id', 'name', 'openning_year', 'capacity', 'location', 'name', 'location', 'cinema_id', 'film_id']",5,1.0,0.5,0.66,"['cinema_id', 'name', 'openning_year', 'capacity', 'location', 'name', 'location', 'cinema_id', 'film_id', 'show_times_per_day']",5,1.0,0.43,0.6
Which physicians are in charge of more than one patient? Give me their names.,"['name', 'employeeid', 'pcp']","['physician', 'physician', 'physician', 'physician', 'physician']",0,0.0,0.0,ZeroDivisionError,"['physician', 'physician', 'physician', 'physician', 'physician']",0,0.0,0.0,ZeroDivisionError,"['physician', 'physician', 'physician', 'physician', 'physician']",0,0.0,0.0,ZeroDivisionError
Show all directors.,['directed_by'],[],0,0.0,division error,,['directed_by'],1,1.0,1.0,1.0,"['film_id', 'rank_in_series', 'number_in_season', 'title', 'directed_by', 'original_air_date', 'production_code']",1,1.0,0.14,0.24
Show the most common headquarter for companies.,['headquarters'],[],0,0.0,division error,,"['company_id', 'name', 'headquarters', 'industry']",1,1.0,0.25,0.4,"['company_id', 'name', 'headquarters', 'industry', 'sales_in_billion', 'profits_in_billion', 'assets_in_billion', 'market_value_in_billion']",1,1.0,0.12,0.22
Show names of actors in descending order of the year their musical is awarded.,"['year', 'name', 'musical_id']","['nominee', 'name', 'year']",2,0.67,0.67,0.68,"['musical_id', 'name', 'year', 'award', 'nominee', 'result', 'name', 'year']",5,1.0,0.5,0.66,"['musical_id', 'name', 'year', 'award', 'category', 'nominee', 'result', 'name', 'year']",5,1.0,0.43,0.6
Show all the locations with at least two cinemas with capacity above 300.,"['capacity', 'location']","['capacity', 'location', 'location', 'capacity']",4,1.0,1.0,1.0,"['cinema_id', 'name', 'openning_year', 'capacity', 'location', 'location', 'capacity', 'cinema_id', 'show_times_per_day']",4,1.0,0.33,0.5,"['cinema_id', 'name', 'openning_year', 'capacity', 'location', 'location', 'capacity', 'cinema_id', 'film_id', 'show_times_per_day', 'price']",4,1.0,0.25,0.4
What are the names of musicals with nominee 'Bob Fosse'?,"['name', 'nominee']","['nominee', 'name', 'nominee']",3,1.0,1.0,1.0,"['name', 'year', 'award', 'nominee', 'result', 'name', 'nominee']",4,1.0,0.4,0.58,"['musical_id', 'name', 'year', 'award', 'category', 'nominee', 'result', 'name', 'nominee']",4,1.0,0.29,0.44
Which locations have 2 or more cinemas with capacity over 300?,"['capacity', 'location']","['capacity', 'location', 'location', 'capacity']",4,1.0,1.0,1.0,"['name', 'openning_year', 'capacity', 'location', 'location', 'capacity', 'cinema_id', 'show_times_per_day']",4,1.0,0.33,0.5,"['cinema_id', 'name', 'openning_year', 'capacity', 'location', 'location', 'capacity', 'cinema_id', 'film_id', 'show_times_per_day', 'price']",4,1.0,0.25,0.4
Find the number of employees of each gender whose salary is lower than 50000.,"['sex', 'salary']",['salary'],1,0.5,1.0,0.66,"['sex', 'salary', 'salary']",3,1.0,1.0,1.0,"['fname', 'minit', 'lname', 'bdate', 'address', 'sex', 'salary', 'super_ssn', 'dno', 'salary']",3,1.0,0.22,0.36
Return the maximum and minimum number of cows across all farms.,['cows'],"['total_cattle', 'bulls', 'cows', 'sheep_and_goats']",1,1.0,0.25,0.4,"['farm_id', 'year', 'total_horses', 'working_horses', 'total_cattle', 'oxen', 'bulls', 'cows', 'pigs', 'sheep_and_goats', 'farm_id', 'rank']",1,1.0,0.09,0.16,"['farm_id', 'year', 'total_horses', 'working_horses', 'total_cattle', 'oxen', 'bulls', 'cows', 'pigs', 'sheep_and_goats', 'farm_id', 'rank']",1,1.0,0.09,0.16
List the names of departments where some physicians are primarily affiliated with.,"['departmentid', 'name', 'primaryaffiliation']","['name', 'department', 'physician', 'name', 'physician', 'name', 'name', 'physician', 'name', 'physician', 'physician']",5,0.33,0.33,0.34,"['name', 'department', 'physician', 'name', 'physician', 'name', 'name', 'physician', 'name', 'physician', 'physician']",5,0.33,0.33,0.34,"['name', 'department', 'physician', 'name', 'physician', 'name', 'name', 'physician', 'name', 'physician', 'physician']",5,0.33,0.33,0.34
Show all the locations where some cinemas were opened in both year 2010 and year 2011.,"['openning_year', 'location']",['location'],1,0.5,1.0,0.66,"['name', 'openning_year', 'location', 'location', 'cinema_id']",3,1.0,0.5,0.66,"['cinema_id', 'name', 'openning_year', 'capacity', 'location', 'location', 'cinema_id', 'film_id', 'date', 'show_times_per_day']",3,1.0,0.25,0.4
What are the maximum and minimum number of cows across all farms.,['cows'],"['total_cattle', 'bulls', 'cows', 'sheep_and_goats']",1,1.0,0.25,0.4,"['year', 'total_horses', 'working_horses', 'total_cattle', 'oxen', 'bulls', 'cows', 'pigs', 'sheep_and_goats']",1,1.0,0.11,0.2,"['farm_id', 'year', 'total_horses', 'working_horses', 'total_cattle', 'oxen', 'bulls', 'cows', 'pigs', 'sheep_and_goats', 'farm_id', 'rank']",1,1.0,0.09,0.16
What is the membership card held by both members living in Hartford and ones living in Waterbury address?,"['address', 'membership_card']",[],0,0.0,division error,,"['membership_card', 'address']",2,1.0,1.0,1.0,"['address', 'member_id', 'name', 'membership_card', 'age', 'level_of_membership', 'address', 'num_of_staff_in_charge', 'hh_id', 'member_id', 'total_amount']",3,1.0,0.22,0.36
What are all the locations with a cinema?,['location'],"['name', 'location', 'location', 'cinema_id']",2,1.0,0.33,0.5,"['cinema_id', 'name', 'openning_year', 'capacity', 'location', 'location', 'cinema_id', 'film_id']",2,1.0,0.17,0.3,"['cinema_id', 'name', 'openning_year', 'capacity', 'location', 'location', 'cinema_id', 'film_id', 'show_times_per_day']",2,1.0,0.14,0.24
"Find the purchase time, age and address of each member, and show the results in the order of purchase time.","['time_of_purchase', 'address', 'age']","['address', 'age', 'address']",3,0.67,1.0,0.8,"['age', 'time_of_purchase', 'age', 'address', 'address']",5,1.0,1.0,1.0,"['shop_id', 'address', 'num_of_staff', 'score', 'open_year', 'address', 'member_id', 'name', 'membership_card', 'age', 'time_of_purchase', 'level_of_membership', 'address', 'age', 'address', 'shop_id', 'num_of_staff_in_charge', 'member_id', 'total_amount']",7,1.0,0.23,0.38
Find the names of nurses who are nursing an undergoing treatment.,"['name', 'employeeid', 'assistingnurse']","['name', 'name', 'name', 'name', 'name', 'nurse']",5,0.33,0.5,0.4,"['name', 'name', 'name', 'name', 'name', 'nurse']",5,0.33,0.5,0.4,"['name', 'name', 'name', 'name', 'name', 'nurse']",5,0.33,0.5,0.4
Give the average number of working horses on farms with more than 5000 total horses.,"['working_horses', 'total_horses']","['total_horses', 'working_horses', 'total_cattle']",2,1.0,0.67,0.8,"['total_horses', 'working_horses', 'total_cattle', 'oxen', 'bulls', 'cows', 'pigs', 'sheep_and_goats', 'farm_id', 'rank']",2,1.0,0.2,0.34,"['farm_id', 'year', 'total_horses', 'working_horses', 'total_cattle', 'oxen', 'bulls', 'cows', 'pigs', 'sheep_and_goats', 'farm_id', 'rank']",2,1.0,0.18,0.3
List official names of cities in descending order of population.,"['population', 'official_name']",['official_name'],1,0.5,1.0,0.66,"['city_id', 'official_name', 'status', 'population', 'census_ranking']",2,1.0,0.4,0.58,"['city_id', 'official_name', 'status', 'area_km_2', 'population', 'census_ranking']",2,1.0,0.33,0.5
"list the first and last names, and the addresses of all employees in the ascending order of their birth date.","['lname', 'address', 'bdate', 'fname']","['fname', 'lname', 'bdate', 'address']",4,1.0,1.0,1.0,"['fname', 'minit', 'lname', 'ssn', 'bdate', 'address', 'sex', 'super_ssn', 'dno', 'address']",5,1.0,0.44,0.62,"['fname', 'minit', 'lname', 'ssn', 'bdate', 'address', 'sex', 'salary', 'super_ssn', 'dno', 'address']",5,1.0,0.4,0.58
Count the number of different statuses.,['status'],[],0,0.0,division error,,[],0,0.0,division error,,"['status', 'census_ranking']",1,1.0,0.5,0.66
List the total number of horses on farms in ascending order.,['total_horses'],"['total_horses', 'working_horses', 'total_cattle', 'cows']",1,1.0,0.25,0.4,"['year', 'total_horses', 'working_horses', 'total_cattle', 'oxen', 'bulls', 'cows', 'pigs', 'sheep_and_goats', 'farm_id', 'rank']",1,1.0,0.09,0.16,"['farm_id', 'year', 'total_horses', 'working_horses', 'total_cattle', 'oxen', 'bulls', 'cows', 'pigs', 'sheep_and_goats', 'farm_id', 'rank']",1,1.0,0.09,0.16
List the names of all the physicians who prescribe Thesisin as medication.,"['name', 'employeeid', 'code']","['name', 'physician', 'name', 'physician', 'name', 'name', 'physician', 'name', 'physician', 'physician']",5,0.33,0.5,0.4,"['name', 'physician', 'name', 'physician', 'name', 'name', 'physician', 'name', 'physician', 'physician']",5,0.33,0.5,0.4,"['name', 'physician', 'name', 'physician', 'name', 'name', 'physician', 'name', 'physician', 'physician']",5,0.33,0.5,0.4
Show the musical nominee with award 'Bob Fosse' or 'Cleavant Derricks'.,"['award', 'nominee']","['nominee', 'nominee', 'award']",3,1.0,1.0,1.0,"['award', 'nominee', 'result', 'nominee', 'award']",4,1.0,0.67,0.8,"['musical_id', 'name', 'year', 'award', 'category', 'nominee', 'result', 'nominee', 'award']",4,1.0,0.29,0.44
How many patients stay in room 112?,"['room', 'patient']","['patient', 'patient', 'patient', 'room', 'patient', 'stay']",5,1.0,0.67,0.8,"['patient', 'patient', 'patient', 'room', 'patient', 'stay']",5,1.0,0.67,0.8,"['patient', 'patient', 'patient', 'room', 'patient', 'stay']",5,1.0,0.67,0.8
What nurses are on call with block floor 1 and block code 1? Tell me their names.,"['blockcode', 'nurse', 'blockfloor']","['code', 'code', 'nurse']",1,0.33,0.5,0.4,"['code', 'code', 'nurse']",1,0.33,0.5,0.4,"['code', 'code', 'nurse']",1,0.33,0.5,0.4
What is the status of the city that has hosted the most competitions?,"['host_city_id', 'status', 'city_id']","['year', 'hosts']",0,0.0,0.0,ZeroDivisionError,"['year', 'theme', 'host_city_id', 'hosts', 'competition_id']",1,0.33,0.2,0.24,"['competition_id', 'year', 'theme', 'host_city_id', 'hosts', 'competition_id', 'farm_id', 'rank']",1,0.33,0.14,0.2
Find the names of procedures which physician John Wen was trained in.,"['name', 'employeeid', 'treatment', 'code']","['name', 'physician', 'name', 'physician', 'name', 'name', 'physician', 'name', 'physician', 'physician']",5,0.25,0.5,0.34,"['name', 'physician', 'name', 'physician', 'name', 'name', 'physician', 'name', 'physician', 'physician']",5,0.25,0.5,0.34,"['name', 'physician', 'name', 'physician', 'name', 'name', 'physician', 'name', 'physician', 'physician']",5,0.25,0.5,0.34
Show all the locations where no cinema has capacity over 800.,"['capacity', 'location']","['capacity', 'location', 'capacity']",3,1.0,1.0,1.0,"['name', 'openning_year', 'capacity', 'location', 'location', 'capacity', 'cinema_id', 'show_times_per_day']",4,1.0,0.33,0.5,"['cinema_id', 'name', 'openning_year', 'capacity', 'location', 'location', 'capacity', 'cinema_id', 'film_id', 'show_times_per_day', 'price']",4,1.0,0.25,0.4
List the most common result of the musicals.,['result'],['result'],1,1.0,1.0,1.0,"['musical_id', 'name', 'year', 'award', 'nominee', 'result', 'result']",2,1.0,0.17,0.3,"['musical_id', 'name', 'year', 'award', 'category', 'nominee', 'result', 'result']",2,1.0,0.14,0.24
Show names of musicals which have at least three actors.,"['name', 'musical_id']",['name'],1,0.5,1.0,0.66,"['name', 'year', 'nominee', 'result', 'name']",2,0.5,0.25,0.34,"['musical_id', 'name', 'year', 'award', 'nominee', 'result', 'name']",3,1.0,0.33,0.5
Find all procedures which cost more than 1000 or which physician John Wen was trained in.,"['name', 'cost', 'employeeid', 'treatment', 'code']","['physician', 'cost', 'physician', 'physician', 'physician', 'physician']",1,0.2,0.5,0.28,"['physician', 'cost', 'physician', 'physician', 'physician', 'physician']",1,0.2,0.5,0.28,"['physician', 'cost', 'physician', 'physician', 'physician', 'physician']",1,0.2,0.5,0.28
How many members are not living in Hartford?,['address'],[],0,0.0,division error,,[],0,0.0,division error,,"['name', 'age', 'level_of_membership', 'address', 'num_of_staff_in_charge']",1,1.0,0.2,0.34
What are the names of actors who have been in the musical titled The Phantom of the Opera?,"['name', 'musical_id']",['name'],1,0.5,1.0,0.66,"['name', 'year', 'nominee', 'name']",2,0.5,0.33,0.4,"['musical_id', 'name', 'year', 'award', 'nominee', 'result', 'name']",3,1.0,0.33,0.5
Show the nominees that have nominated musicals for both 'Tony Award' and 'Drama Desk Award'.,"['award', 'nominee']","['result', 'nominee']",1,0.5,0.5,0.5,"['name', 'year', 'award', 'category', 'nominee', 'result', 'nominee']",3,1.0,0.33,0.5,"['musical_id', 'name', 'year', 'award', 'category', 'nominee', 'result', 'nominee']",3,1.0,0.29,0.44
Return the most frequent result across all musicals.,['result'],['result'],1,1.0,1.0,1.0,"['musical_id', 'name', 'year', 'award', 'nominee', 'result', 'result']",2,1.0,0.17,0.3,"['musical_id', 'name', 'year', 'award', 'category', 'nominee', 'result', 'result']",2,1.0,0.14,0.24
Which physicians have never taken any appointment? Find their names.,"['name', 'employeeid']","['physician', 'physician', 'physician', 'physician', 'physician']",0,0.0,0.0,ZeroDivisionError,"['physician', 'physician', 'physician', 'physician', 'physician']",0,0.0,0.0,ZeroDivisionError,"['physician', 'physician', 'physician', 'physician', 'physician']",0,0.0,0.0,ZeroDivisionError
Which patients made more than one appointment? Tell me the name and phone number of these patients.,"['phone', 'name', 'ssn']","['name', 'name', 'name', 'phone', 'name', 'patient', 'name', 'patient', 'patient', 'patient']",6,0.67,0.67,0.68,"['name', 'name', 'name', 'phone', 'name', 'patient', 'name', 'patient', 'patient', 'patient']",6,0.67,0.67,0.68,"['name', 'name', 'name', 'phone', 'name', 'patient', 'name', 'patient', 'patient', 'patient']",6,0.67,0.67,0.68
What is the average number of working horses of farms with more than 5000 total number of horses?,"['working_horses', 'total_horses']","['total_horses', 'working_horses', 'total_cattle']",2,1.0,0.67,0.8,"['year', 'total_horses', 'working_horses', 'total_cattle', 'oxen', 'bulls', 'cows', 'pigs', 'sheep_and_goats', 'farm_id', 'rank']",2,1.0,0.18,0.3,"['farm_id', 'year', 'total_horses', 'working_horses', 'total_cattle', 'oxen', 'bulls', 'cows', 'pigs', 'sheep_and_goats', 'farm_id', 'rank']",2,1.0,0.18,0.3
What are the procedures that cost more than 1000 or are specialized in by physician John Wen?,"['name', 'cost', 'employeeid', 'treatment', 'code']","['physician', 'cost', 'physician', 'physician', 'physician', 'physician']",1,0.2,0.5,0.28,"['physician', 'cost', 'physician', 'physician', 'physician', 'physician']",1,0.2,0.5,0.28,"['physician', 'cost', 'physician', 'physician', 'physician', 'physician']",1,0.2,0.5,0.28
which shop has happy hour most frequently? List its id and number of happy hours.,['shop_id'],"['shop_id', 'num_of_staff_in_charge']",1,1.0,0.5,0.66,"['address', 'hh_id', 'shop_id', 'month', 'num_of_staff_in_charge', 'hh_id', 'member_id', 'total_amount']",1,1.0,0.14,0.24,"['shop_id', 'address', 'num_of_staff', 'score', 'open_year', 'time_of_purchase', 'hh_id', 'shop_id', 'month', 'num_of_staff_in_charge', 'hh_id', 'member_id', 'total_amount']",2,1.0,0.09,0.16
Which physicians are affiliated with both Surgery and Psychiatry departments? Tell me their names.,"['departmentid', 'name', 'employeeid']","['physician', 'physician', 'physician', 'physician', 'physician']",0,0.0,0.0,ZeroDivisionError,"['physician', 'physician', 'physician', 'physician', 'physician']",0,0.0,0.0,ZeroDivisionError,"['physician', 'physician', 'physician', 'physician', 'physician']",0,0.0,0.0,ZeroDivisionError
How many films have the word 'Dummy' in their titles?,['title'],[],0,0.0,division error,,"['film_id', 'rank_in_series', 'title', 'directed_by']",1,1.0,0.25,0.4,"['film_id', 'rank_in_series', 'number_in_season', 'title', 'directed_by', 'original_air_date', 'production_code']",1,1.0,0.14,0.24
What is the alphabetically ordered list of all the distinct names of nurses?,['name'],"['name', 'name', 'name', 'name', 'name']",5,1.0,1.0,1.0,"['name', 'name', 'name', 'name', 'name']",5,1.0,1.0,1.0,"['name', 'name', 'name', 'name', 'name']",5,1.0,1.0,1.0
Find the name of the nurse who has the largest number of appointments.,"['name', 'employeeid', 'prepnurse']","['name', 'name', 'name', 'name', 'name', 'nurse']",5,0.33,0.5,0.4,"['name', 'name', 'name', 'name', 'name', 'nurse']",5,0.33,0.5,0.4,"['name', 'name', 'name', 'name', 'name', 'nurse']",5,0.33,0.5,0.4
What is the maximum and minimum market value of companies?,['market_value_in_billion'],['market_value_in_billion'],1,1.0,1.0,1.0,"['industry', 'market_value_in_billion']",1,1.0,0.5,0.66,"['company_id', 'name', 'headquarters', 'industry', 'sales_in_billion', 'profits_in_billion', 'assets_in_billion', 'market_value_in_billion']",1,1.0,0.12,0.22
Show the years and the official names of the host cities of competitions.,"['year', 'host_city_id', 'official_name', 'city_id']","['year', 'hosts', 'year', 'year']",3,0.25,0.5,0.34,"['competition_id', 'year', 'theme', 'host_city_id', 'hosts', 'year', 'competition_id', 'farm_id', 'year']",4,0.5,0.33,0.4,"['year', 'year', 'competition_id', 'year', 'theme', 'host_city_id', 'hosts', 'year', 'competition_id', 'farm_id', 'rank']",5,0.5,0.29,0.36
List all directors along with the number of films directed by each director.,['directed_by'],[],0,0.0,division error,,"['rank_in_series', 'number_in_season', 'directed_by', 'production_code']",1,1.0,0.25,0.4,"['film_id', 'rank_in_series', 'number_in_season', 'title', 'directed_by', 'production_code']",1,1.0,0.17,0.3
In which locations are there more than one movie theater with capacity above 300?,"['capacity', 'location']","['capacity', 'location', 'capacity']",3,1.0,1.0,1.0,"['name', 'openning_year', 'capacity', 'location', 'location', 'capacity', 'cinema_id']",4,1.0,0.4,0.58,"['cinema_id', 'name', 'openning_year', 'capacity', 'location', 'location', 'capacity', 'cinema_id', 'film_id', 'show_times_per_day', 'price']",4,1.0,0.25,0.4
Find the names of all physicians and their primary affiliated departments' names.,"['departmentid', 'name', 'employeeid', 'primaryaffiliation']","['name', 'physician', 'name', 'physician', 'name', 'name', 'physician', 'name', 'physician', 'physician']",5,0.25,0.5,0.34,"['name', 'physician', 'name', 'physician', 'name', 'name', 'physician', 'name', 'physician', 'physician']",5,0.25,0.5,0.34,"['name', 'physician', 'name', 'physician', 'name', 'name', 'physician', 'name', 'physician', 'physician']",5,0.25,0.5,0.34
How many patients are not using Procrastin-X as medication?,"['ssn', 'name', 'code']","['patient', 'patient', 'patient', 'patient']",0,0.0,0.0,ZeroDivisionError,"['patient', 'patient', 'patient', 'patient']",0,0.0,0.0,ZeroDivisionError,"['patient', 'patient', 'patient', 'patient']",0,0.0,0.0,ZeroDivisionError
What are the headquarters and industries of all companies?,"['headquarters', 'industry']","['headquarters', 'industry', 'headquarters', 'industry']",4,1.0,1.0,1.0,"['name', 'headquarters', 'industry', 'headquarters', 'industry']",4,1.0,0.67,0.8,"['company_id', 'name', 'headquarters', 'industry', 'sales_in_billion', 'profits_in_billion', 'assets_in_billion', 'market_value_in_billion', 'headquarters', 'industry']",4,1.0,0.25,0.4
Which address do not have any member with the black membership card?,"['address', 'membership_card']","['membership_card', 'address', 'address', 'address']",4,1.0,1.0,1.0,"['name', 'membership_card', 'address', 'address', 'address']",4,1.0,0.67,0.8,"['address', 'address', 'member_id', 'name', 'membership_card', 'age', 'level_of_membership', 'address', 'address', 'member_id']",5,1.0,0.33,0.5
Show the headquarters that have at least two companies.,['headquarters'],"['headquarters', 'headquarters']",2,1.0,1.0,1.0,"['company_id', 'name', 'headquarters', 'industry', 'headquarters']",2,1.0,0.25,0.4,"['company_id', 'name', 'headquarters', 'industry', 'sales_in_billion', 'profits_in_billion', 'market_value_in_billion', 'headquarters']",2,1.0,0.14,0.24
What are the names of departments that have primarily affiliated physicians.,"['departmentid', 'name', 'primaryaffiliation']","['name', 'department', 'name', 'name', 'name', 'name']",5,0.33,0.5,0.4,"['name', 'department', 'name', 'name', 'name', 'name']",5,0.33,0.5,0.4,"['name', 'department', 'name', 'name', 'name', 'name']",5,0.33,0.5,0.4
"Return the characters for actors, ordered by age descending.","['character', 'age']","['age', 'character', 'age']",3,1.0,1.0,1.0,"['actor_id', 'name', 'musical_id', 'duration', 'age', 'character', 'age']",3,1.0,0.33,0.5,"['actor_id', 'name', 'musical_id', 'character', 'duration', 'age', 'character', 'age']",4,1.0,0.33,0.5
Find the number of patients who are not using the medication of Procrastin-X.,"['ssn', 'name', 'code']","['patient', 'patient', 'medication', 'patient', 'patient']",0,0.0,0.0,ZeroDivisionError,"['patient', 'patient', 'medication', 'patient', 'patient']",0,0.0,0.0,ZeroDivisionError,"['patient', 'patient', 'medication', 'patient', 'patient']",0,0.0,0.0,ZeroDivisionError
Find the number of rooms for different block code?,"['blockcode', 'blockfloor']",['room'],0,0.0,0.0,ZeroDivisionError,['room'],0,0.0,0.0,ZeroDivisionError,['room'],0,0.0,0.0,ZeroDivisionError
"Show name, opening year, and capacity for each cinema.","['name', 'openning_year', 'capacity']","['name', 'openning_year', 'capacity', 'location', 'capacity', 'cinema_id']",4,1.0,0.6,0.74,"['cinema_id', 'name', 'openning_year', 'capacity', 'location', 'capacity', 'cinema_id', 'film_id', 'show_times_per_day']",4,1.0,0.43,0.6,"['cinema_id', 'name', 'openning_year', 'capacity', 'location', 'capacity', 'cinema_id', 'film_id', 'show_times_per_day', 'price']",4,1.0,0.38,0.56
How many farms are there?,[],"['total_horses', 'working_horses', 'total_cattle', 'cows', 'sheep_and_goats']",0,division error,0.0,,"['farm_id', 'year', 'total_horses', 'working_horses', 'total_cattle', 'oxen', 'bulls', 'cows', 'pigs', 'sheep_and_goats', 'farm_id']",0,division error,0.0,,"['farm_id', 'year', 'total_horses', 'working_horses', 'total_cattle', 'oxen', 'bulls', 'cows', 'pigs', 'sheep_and_goats', 'farm_id', 'rank']",0,division error,0.0,
What is the id of the patient who stayed in room 111 most recently?,"['staystart', 'room', 'patient']","['patient', 'patient', 'patient', 'room', 'patient']",5,0.67,1.0,0.8,"['patient', 'patient', 'patient', 'room', 'patient']",5,0.67,1.0,0.8,"['patient', 'patient', 'patient', 'room', 'patient']",5,0.67,1.0,0.8
Count the number of films whose title contains the word 'Dummy'.,['title'],['title'],1,1.0,1.0,1.0,"['film_id', 'rank_in_series', 'number_in_season', 'title', 'directed_by', 'production_code', 'title']",2,1.0,0.17,0.3,"['film_id', 'rank_in_series', 'number_in_season', 'title', 'directed_by', 'original_air_date', 'production_code', 'title']",2,1.0,0.14,0.24
List the names of companies by ascending number of sales.,"['name', 'sales_in_billion']","['name', 'name']",2,0.5,1.0,0.66,"['name', 'industry', 'sales_in_billion', 'name', 'name']",4,1.0,0.67,0.8,"['company_id', 'name', 'headquarters', 'industry', 'sales_in_billion', 'profits_in_billion', 'market_value_in_billion', 'name', 'name']",4,1.0,0.29,0.44
Find the name of physicians who are in charge of more than one patient.,"['name', 'employeeid', 'pcp']","['name', 'physician', 'name', 'physician', 'name', 'name', 'physician', 'name', 'physician', 'physician']",5,0.33,0.5,0.4,"['name', 'physician', 'name', 'physician', 'name', 'name', 'physician', 'name', 'physician', 'physician']",5,0.33,0.5,0.4,"['name', 'physician', 'name', 'physician', 'name', 'name', 'physician', 'name', 'physician', 'physician']",5,0.33,0.5,0.4
List the official name and status of the city with the largest population.,"['population', 'status', 'official_name']","['official_name', 'status', 'population', 'status']",4,1.0,1.0,1.0,"['official_name', 'status', 'population', 'status']",4,1.0,1.0,1.0,"['city_id', 'official_name', 'status', 'area_km_2', 'population', 'census_ranking', 'status']",4,1.0,0.5,0.66
Find the physician who was trained in the most expensive procedure?,"['name', 'employeeid', 'cost', 'treatment', 'code']","['physician', 'physician', 'physician', 'physician', 'physician']",0,0.0,0.0,ZeroDivisionError,"['physician', 'physician', 'physician', 'physician', 'physician']",0,0.0,0.0,ZeroDivisionError,"['physician', 'physician', 'physician', 'physician', 'physician']",0,0.0,0.0,ZeroDivisionError
What are each physician's employee id and department id primarily affiliated.,"['physician', 'primaryaffiliation', 'department']",['department'],1,0.33,1.0,0.5,['department'],1,0.33,1.0,0.5,['department'],1,0.33,1.0,0.5
How many musicals has each nominee been nominated for?,['nominee'],"['nominee', 'result', 'nominee']",2,1.0,0.5,0.66,"['musical_id', 'name', 'year', 'award', 'nominee', 'result', 'nominee']",2,1.0,0.17,0.3,"['musical_id', 'name', 'year', 'award', 'category', 'nominee', 'result', 'nominee']",2,1.0,0.14,0.24
What is the name of the medication used for the patient staying in room 111?,"['ssn', 'name', 'room', 'code']","['name', 'name', 'name', 'name', 'patient', 'name', 'medication', 'patient', 'patient', 'room', 'patient']",6,0.5,0.5,0.5,"['name', 'name', 'name', 'name', 'patient', 'name', 'medication', 'patient', 'patient', 'room', 'patient']",6,0.5,0.5,0.5,"['name', 'name', 'name', 'name', 'patient', 'name', 'medication', 'patient', 'patient', 'room', 'patient']",6,0.5,0.5,0.5
"What are the highest cost, lowest cost and average cost of procedures?",['cost'],['cost'],1,1.0,1.0,1.0,['cost'],1,1.0,1.0,1.0,['cost'],1,1.0,1.0,1.0
Count the number of farms.,[],"['total_horses', 'working_horses', 'total_cattle', 'bulls', 'cows', 'pigs', 'sheep_and_goats']",0,division error,0.0,,"['farm_id', 'year', 'total_horses', 'working_horses', 'total_cattle', 'oxen', 'bulls', 'cows', 'pigs', 'sheep_and_goats', 'farm_id', 'rank']",0,division error,0.0,,"['farm_id', 'year', 'total_horses', 'working_horses', 'total_cattle', 'oxen', 'bulls', 'cows', 'pigs', 'sheep_and_goats', 'farm_id', 'rank']",0,division error,0.0,
How many appointments are there?,[],['appointment'],0,division error,0.0,,['appointment'],0,division error,0.0,,['appointment'],0,division error,0.0,
What are the themes of competitions that have corresponding host cities with more than 1000 residents?,"['population', 'host_city_id', 'city_id', 'theme']","['theme', 'hosts', 'theme']",2,0.25,0.5,0.34,"['competition_id', 'year', 'theme', 'host_city_id', 'hosts', 'theme', 'competition_id']",3,0.5,0.4,0.44,"['competition_id', 'year', 'theme', 'host_city_id', 'hosts', 'theme', 'competition_id', 'farm_id', 'rank']",3,0.5,0.29,0.36
"Return the different statuses of cities, ascending by frequency.",['status'],['status'],1,1.0,1.0,1.0,"['city_id', 'official_name', 'status', 'population', 'census_ranking', 'status']",2,1.0,0.2,0.34,"['city_id', 'official_name', 'status', 'area_km_2', 'population', 'census_ranking', 'status']",2,1.0,0.17,0.3
What are the official names of cities that have not hosted a farm competition?,"['host_city_id', 'official_name', 'city_id']",[],0,0.0,division error,,"['host_city_id', 'hosts', 'farm_id', 'rank']",1,0.33,0.25,0.28,"['farm_id', 'year', 'total_horses', 'working_horses', 'total_cattle', 'oxen', 'bulls', 'cows', 'pigs', 'sheep_and_goats', 'competition_id', 'year', 'theme', 'host_city_id', 'hosts', 'competition_id', 'farm_id', 'rank']",1,0.33,0.07,0.12
Find the name of physicians who are affiliated with Surgery or Psychiatry department.,"['departmentid', 'name', 'employeeid']","['name', 'physician', 'name', 'physician', 'name', 'name', 'physician', 'name', 'physician', 'physician']",5,0.33,0.5,0.4,"['name', 'physician', 'name', 'physician', 'name', 'name', 'physician', 'name', 'physician', 'physician']",5,0.33,0.5,0.4,"['name', 'physician', 'name', 'physician', 'name', 'name', 'physician', 'name', 'physician', 'physician']",5,0.33,0.5,0.4
Show the shop addresses ordered by their opening year.,"['address', 'open_year']","['address', 'open_year', 'address', 'address']",4,1.0,1.0,1.0,"['shop_id', 'address', 'open_year', 'address', 'time_of_purchase', 'address']",4,1.0,0.5,0.66,"['shop_id', 'address', 'num_of_staff', 'score', 'open_year', 'address', 'time_of_purchase', 'address', 'address', 'shop_id']",5,1.0,0.33,0.5
Find the department with the most employees.,"['departmentid', 'name']",[],0,0.0,division error,,"['dname', 'dnumber', 'mgr_ssn', 'mgr_start_date']",0,0.0,0.0,ZeroDivisionError,"['dname', 'dnumber', 'mgr_ssn', 'mgr_start_date']",0,0.0,0.0,ZeroDivisionError
Tell me the distinct block codes where some rooms are available.,"['blockcode', 'unavailable']","['code', 'code', 'room']",0,0.0,0.0,ZeroDivisionError,"['code', 'code', 'room']",0,0.0,0.0,ZeroDivisionError,"['code', 'code', 'room']",0,0.0,0.0,ZeroDivisionError
Which membership card has more than 5 members?,['membership_card'],['membership_card'],1,1.0,1.0,1.0,"['name', 'membership_card', 'age', 'level_of_membership', 'address']",1,1.0,0.2,0.34,"['num_of_staff', 'member_id', 'name', 'membership_card', 'age', 'level_of_membership', 'address', 'num_of_staff_in_charge', 'member_id', 'total_amount']",1,1.0,0.11,0.2
Which months have more than 2 happy hours?,['month'],"['month', 'month']",2,1.0,1.0,1.0,"['hh_id', 'shop_id', 'month', 'num_of_staff_in_charge', 'month', 'hh_id', 'member_id', 'total_amount']",2,1.0,0.17,0.3,"['open_year', 'time_of_purchase', 'hh_id', 'shop_id', 'month', 'num_of_staff_in_charge', 'month', 'hh_id', 'member_id', 'total_amount']",2,1.0,0.12,0.22
Find the name of medication used on the patient who stays in room 111?,"['ssn', 'name', 'room', 'code']","['name', 'name', 'name', 'name', 'patient', 'name', 'medication', 'patient', 'patient', 'room', 'patient', 'stay']",6,0.5,0.4,0.44,"['name', 'name', 'name', 'name', 'patient', 'name', 'medication', 'patient', 'patient', 'room', 'patient', 'stay']",6,0.5,0.4,0.44,"['name', 'name', 'name', 'name', 'patient', 'name', 'medication', 'patient', 'patient', 'room', 'patient', 'stay']",6,0.5,0.4,0.44
"Tell me the highest, lowest, and average cost of procedures.",['cost'],['cost'],1,1.0,1.0,1.0,['cost'],1,1.0,1.0,1.0,['cost'],1,1.0,1.0,1.0
What are the title and director of each film?,"['title', 'directed_by']","['rank_in_series', 'title', 'directed_by', 'title']",3,1.0,0.67,0.8,"['film_id', 'rank_in_series', 'number_in_season', 'title', 'directed_by', 'production_code', 'title']",3,1.0,0.33,0.5,"['film_id', 'rank_in_series', 'number_in_season', 'title', 'directed_by', 'original_air_date', 'production_code', 'title']",3,1.0,0.29,0.44
What are the hosts of competitions whose theme is not 'Aliens'?,"['hosts', 'theme']","['theme', 'hosts', 'theme']",3,1.0,1.0,1.0,"['competition_id', 'year', 'theme', 'hosts', 'theme', 'competition_id']",3,1.0,0.5,0.66,"['competition_id', 'year', 'theme', 'host_city_id', 'hosts', 'theme', 'competition_id', 'farm_id', 'rank']",3,1.0,0.29,0.44
List the name of physicians who never took any appointment.,"['name', 'employeeid']","['name', 'physician', 'name', 'physician', 'name', 'name', 'physician', 'name', 'physician', 'physician']",5,0.5,0.5,0.5,"['name', 'physician', 'name', 'physician', 'name', 'name', 'physician', 'name', 'physician', 'physician']",5,0.5,0.5,0.5,"['name', 'physician', 'name', 'physician', 'name', 'name', 'physician', 'name', 'physician', 'physician']",5,0.5,0.5,0.5
What are the names of procedures physician John Wen was trained in?,"['name', 'employeeid', 'treatment', 'code']","['name', 'physician', 'name', 'physician', 'name', 'name', 'physician', 'name', 'physician', 'physician']",5,0.25,0.5,0.34,"['name', 'physician', 'name', 'physician', 'name', 'name', 'physician', 'name', 'physician', 'physician']",5,0.25,0.5,0.34,"['name', 'physician', 'name', 'physician', 'name', 'name', 'physician', 'name', 'physician', 'physician']",5,0.25,0.5,0.34
Show the names of companies and of employees.,"['name', 'company_id', 'people_id']",[],0,0.0,division error,,"['company_id', 'people_id', 'year_working']",2,0.67,0.67,0.68,"['company_id', 'people_id', 'year_working']",2,0.67,0.67,0.68
List the name of physicians who took some appointment.,"['name', 'employeeid']","['name', 'physician', 'name', 'physician', 'name', 'name', 'physician', 'name', 'physician', 'physician']",5,0.5,0.5,0.5,"['name', 'physician', 'name', 'physician', 'name', 'name', 'physician', 'name', 'physician', 'physician']",5,0.5,0.5,0.5,"['name', 'physician', 'name', 'physician', 'name', 'name', 'physician', 'name', 'physician', 'physician']",5,0.5,0.5,0.5
Find the name of the patient who made the appointment with the most recent start date.,"['ssn', 'name', 'start']","['name', 'name', 'name', 'name', 'patient', 'start', 'name', 'patient', 'appointment', 'patient', 'patient']",6,0.67,0.5,0.58,"['name', 'name', 'name', 'name', 'patient', 'start', 'name', 'patient', 'appointment', 'patient', 'patient']",6,0.67,0.5,0.58,"['name', 'name', 'name', 'name', 'patient', 'start', 'name', 'patient', 'appointment', 'patient', 'patient']",6,0.67,0.5,0.58
Find the number of patients' prescriptions physician John Dorian made.,"['ssn', 'employeeid', 'name']","['physician', 'physician', 'physician', 'physician', 'physician']",0,0.0,0.0,ZeroDivisionError,"['physician', 'physician', 'physician', 'physician', 'physician']",0,0.0,0.0,ZeroDivisionError,"['physician', 'physician', 'physician', 'physician', 'physician']",0,0.0,0.0,ZeroDivisionError
Tell me the employee id of the head of the department with the least employees.,"['departmentid', 'head']",['head'],1,0.5,1.0,0.66,"['dname', 'dnumber', 'mgr_ssn', 'mgr_start_date', 'head']",1,0.5,0.2,0.28,"['dname', 'dnumber', 'mgr_ssn', 'mgr_start_date', 'head']",1,0.5,0.2,0.28
How many actors are there?,[],['age'],0,division error,0.0,,"['actor_id', 'name', 'musical_id', 'character', 'duration', 'age']",0,division error,0.0,,"['actor_id', 'name', 'musical_id', 'character', 'duration', 'age', 'assets_in_billion']",0,division error,0.0,
Show the cinema name and location for cinemas with capacity above average.,"['name', 'capacity', 'location']","['capacity', 'location', 'name', 'location', 'capacity']",5,1.0,1.0,1.0,"['cinema_id', 'name', 'openning_year', 'capacity', 'location', 'name', 'location', 'capacity', 'cinema_id', 'film_id']",6,1.0,0.5,0.66,"['cinema_id', 'name', 'openning_year', 'capacity', 'location', 'name', 'location', 'capacity', 'cinema_id', 'film_id', 'show_times_per_day', 'price']",6,1.0,0.38,0.56
Return the different nominees of musicals that have an award that is not the Tony Award.,"['award', 'nominee']","['result', 'nominee', 'award']",2,1.0,0.67,0.8,"['name', 'award', 'category', 'nominee', 'result', 'nominee', 'award']",4,1.0,0.4,0.58,"['musical_id', 'name', 'year', 'award', 'category', 'nominee', 'result', 'nominee', 'award']",4,1.0,0.29,0.44
